id,indicator_code,spatial_dim_type,iso_code,region_code,time_dim_type,region,dim1type,dim1,year,dim2type,dim2,dim3type,dim3,data_source_dim_type,data_source_dim,value,numeric_value,low,high,comments,date,time_dimension_value,time_dimension_begin,time_dimension_end,country,indicator_name,language,title
6700205,SA_0000001455,COUNTRY,LTU,EUR,YEAR,Europe,NA,NA,2002,NA,NA,NA,NA,NA,NA,9.75,9.75,NA,NA,NA,2013-06-11T14:15:34+02:00,2002,2002-01-01T00:00:00+01:00,2002-12-31T00:00:00+01:00,Lithuania,"Age-standardized death rates, violence, per 100,000",EN,NA
9542033,SA_0000001455,COUNTRY,JAM,AMR,YEAR,Americas,SEX,SEX_FMLE,2004,NA,NA,NA,NA,NA,NA,0.2,0.2,NA,NA,NA,2013-06-11T14:15:34+02:00,2004,2004-01-01T00:00:00+01:00,2004-12-31T00:00:00+01:00,Jamaica,"Age-standardized death rates, violence, per 100,000",EN,Sex
8490517,SA_0000001455,COUNTRY,AZE,EUR,YEAR,Europe,NA,NA,2002,NA,NA,NA,NA,NA,NA,3.00,3,NA,NA,NA,2013-06-11T14:15:34+02:00,2002,2002-01-01T00:00:00+01:00,2002-12-31T00:00:00+01:00,Azerbaijan,"Age-standardized death rates, violence, per 100,000",EN,NA
9067976,SA_0000001455,COUNTRY,GRD,AMR,YEAR,Americas,SEX,SEX_BTSX,2004,NA,NA,NA,NA,NA,NA,4.7,4.7,NA,NA,NA,2013-06-11T14:15:34+02:00,2004,2004-01-01T00:00:00+01:00,2004-12-31T00:00:00+01:00,Grenada,"Age-standardized death rates, violence, per 100,000",EN,Sex
1568200,SA_0000001455,COUNTRY,KWT,EMR,YEAR,Eastern Mediterranean,SEX,SEX_BTSX,2004,NA,NA,NA,NA,NA,NA,1.2,1.2,NA,NA,NA,2013-06-11T14:15:34+02:00,2004,2004-01-01T00:00:00+01:00,2004-12-31T00:00:00+01:00,Kuwait,"Age-standardized death rates, violence, per 100,000",EN,Sex
9588134,SA_0000001455,COUNTRY,NZL,WPR,YEAR,Western Pacific,NA,NA,2002,NA,NA,NA,NA,NA,NA,1.28,1.28,NA,NA,NA,2013-06-11T14:15:34+02:00,2002,2002-01-01T00:00:00+01:00,2002-12-31T00:00:00+01:00,New Zealand,"Age-standardized death rates, violence, per 100,000",EN,NA
9225894,SA_0000001455,COUNTRY,LAO,WPR,YEAR,Western Pacific,SEX,SEX_FMLE,2004,NA,NA,NA,NA,NA,NA,0.1,0.1,NA,NA,NA,2013-06-11T14:15:34+02:00,2004,2004-01-01T00:00:00+01:00,2004-12-31T00:00:00+01:00,Lao People's Democratic Republic,"Age-standardized death rates, violence, per 100,000",EN,Sex
3824133,SA_0000001455,COUNTRY,RWA,AFR,YEAR,Africa,SEX,SEX_MLE,2004,NA,NA,NA,NA,NA,NA,61.2,61.2,NA,NA,NA,2013-06-11T14:15:34+02:00,2004,2004-01-01T00:00:00+01:00,2004-12-31T00:00:00+01:00,Rwanda,"Age-standardized death rates, violence, per 100,000",EN,Sex
1601082,SA_0000001455,COUNTRY,ARM,EUR,YEAR,Europe,SEX,SEX_MLE,2004,NA,NA,NA,NA,NA,NA,6.0,6,NA,NA,NA,2013-06-11T14:15:34+02:00,2004,2004-01-01T00:00:00+01:00,2004-12-31T00:00:00+01:00,Armenia,"Age-standardized death rates, violence, per 100,000",EN,Sex
2128577,SA_0000001455,COUNTRY,COD,AFR,YEAR,Africa,NA,NA,2002,NA,NA,NA,NA,NA,NA,27.34,27.34,NA,NA,NA,2013-06-11T14:15:34+02:00,2002,2002-01-01T00:00:00+01:00,2002-12-31T00:00:00+01:00,Democratic Republic of the Congo,"Age-standardized death rates, violence, per 100,000",EN,NA
8101732,SA_0000001455,COUNTRY,MCO,EUR,YEAR,Europe,SEX,SEX_MLE,2004,NA,NA,NA,NA,NA,NA,1.2,1.2,NA,NA,NA,2013-06-11T14:15:34+02:00,2004,2004-01-01T00:00:00+01:00,2004-12-31T00:00:00+01:00,Monaco,"Age-standardized death rates, violence, per 100,000",EN,Sex
9442847,SA_0000001455,COUNTRY,ECU,AMR,YEAR,Americas,SEX,SEX_BTSX,2004,NA,NA,NA,NA,NA,NA,25.1,25.1,NA,NA,NA,2013-06-11T14:15:34+02:00,2004,2004-01-01T00:00:00+01:00,2004-12-31T00:00:00+01:00,Ecuador,"Age-standardized death rates, violence, per 100,000",EN,Sex
5264526,SA_0000001455,COUNTRY,AFG,EMR,YEAR,Eastern Mediterranean,SEX,SEX_MLE,2004,NA,NA,NA,NA,NA,NA,6.5,6.5,NA,NA,NA,2013-06-11T14:15:34+02:00,2004,2004-01-01T00:00:00+01:00,2004-12-31T00:00:00+01:00,Afghanistan,"Age-standardized death rates, violence, per 100,000",EN,Sex
7652887,SA_0000001455,COUNTRY,MRT,AFR,YEAR,Africa,NA,NA,2002,NA,NA,NA,NA,NA,NA,15.47,15.47,NA,NA,NA,2013-06-11T14:15:34+02:00,2002,2002-01-01T00:00:00+01:00,2002-12-31T00:00:00+01:00,Mauritania,"Age-standardized death rates, violence, per 100,000",EN,NA
8804919,SA_0000001455,COUNTRY,BEL,EUR,YEAR,Europe,SEX,SEX_BTSX,2004,NA,NA,NA,NA,NA,NA,1.6,1.6,NA,NA,NA,2013-06-11T14:15:34+02:00,2004,2004-01-01T00:00:00+01:00,2004-12-31T00:00:00+01:00,Belgium,"Age-standardized death rates, violence, per 100,000",EN,Sex
3043819,SA_0000001455,COUNTRY,SMR,EUR,YEAR,Europe,SEX,SEX_BTSX,2004,NA,NA,NA,NA,NA,NA,0.0,0,NA,NA,NA,2013-06-11T14:15:34+02:00,2004,2004-01-01T00:00:00+01:00,2004-12-31T00:00:00+01:00,San Marino,"Age-standardized death rates, violence, per 100,000",EN,Sex
2977971,SA_0000001455,COUNTRY,TUN,EMR,YEAR,Eastern Mediterranean,SEX,SEX_BTSX,2004,NA,NA,NA,NA,NA,NA,1.7,1.7,NA,NA,NA,2013-06-11T14:15:34+02:00,2004,2004-01-01T00:00:00+01:00,2004-12-31T00:00:00+01:00,Tunisia,"Age-standardized death rates, violence, per 100,000",EN,Sex
6515698,SA_0000001455,COUNTRY,SAU,EMR,YEAR,Eastern Mediterranean,SEX,SEX_FMLE,2004,NA,NA,NA,NA,NA,NA,0.2,0.2,NA,NA,NA,2013-06-11T14:15:34+02:00,2004,2004-01-01T00:00:00+01:00,2004-12-31T00:00:00+01:00,Saudi Arabia,"Age-standardized death rates, violence, per 100,000",EN,Sex
9641092,SA_0000001455,COUNTRY,SOM,EMR,YEAR,Eastern Mediterranean,SEX,SEX_FMLE,2004,NA,NA,NA,NA,NA,NA,0.1,0.1,NA,NA,NA,2013-06-11T14:15:34+02:00,2004,2004-01-01T00:00:00+01:00,2004-12-31T00:00:00+01:00,Somalia,"Age-standardized death rates, violence, per 100,000",EN,Sex
4960961,SA_0000001455,COUNTRY,JOR,EMR,YEAR,Eastern Mediterranean,SEX,SEX_FMLE,2004,NA,NA,NA,NA,NA,NA,0.0,0,NA,NA,NA,2013-06-11T14:15:34+02:00,2004,2004-01-01T00:00:00+01:00,2004-12-31T00:00:00+01:00,Jordan,"Age-standardized death rates, violence, per 100,000",EN,Sex
1739617,SA_0000001455,COUNTRY,VEN,AMR,YEAR,Americas,SEX,SEX_FMLE,2004,NA,NA,NA,NA,NA,NA,0.6,0.6,NA,NA,NA,2013-06-11T14:15:34+02:00,2004,2004-01-01T00:00:00+01:00,2004-12-31T00:00:00+01:00,Venezuela (Bolivarian Republic of),"Age-standardized death rates, violence, per 100,000",EN,Sex
3797785,SA_0000001455,COUNTRY,TCD,AFR,YEAR,Africa,NA,NA,2002,NA,NA,NA,NA,NA,NA,15.00,15,NA,NA,NA,2013-06-11T14:15:34+02:00,2002,2002-01-01T00:00:00+01:00,2002-12-31T00:00:00+01:00,Chad,"Age-standardized death rates, violence, per 100,000",EN,NA
2931795,SA_0000001455,COUNTRY,SDN,EMR,YEAR,Eastern Mediterranean,NA,NA,2002,NA,NA,NA,NA,NA,NA,33.08,33.08,NA,NA,NA,2013-06-11T14:15:34+02:00,2002,2002-01-01T00:00:00+01:00,2002-12-31T00:00:00+01:00,Sudan,"Age-standardized death rates, violence, per 100,000",EN,NA
9502184,SA_0000001455,COUNTRY,IRQ,EMR,YEAR,Eastern Mediterranean,NA,NA,2002,NA,NA,NA,NA,NA,NA,4.06,4.06,NA,NA,NA,2013-06-11T14:15:34+02:00,2002,2002-01-01T00:00:00+01:00,2002-12-31T00:00:00+01:00,Iraq,"Age-standardized death rates, violence, per 100,000",EN,NA
2161723,SA_0000001455,COUNTRY,GHA,AFR,YEAR,Africa,SEX,SEX_MLE,2004,NA,NA,NA,NA,NA,NA,20.1,20.1,NA,NA,NA,2013-06-11T14:15:34+02:00,2004,2004-01-01T00:00:00+01:00,2004-12-31T00:00:00+01:00,Ghana,"Age-standardized death rates, violence, per 100,000",EN,Sex
7246945,SA_0000001455,COUNTRY,LVA,EUR,YEAR,Europe,SEX,SEX_BTSX,2004,NA,NA,NA,NA,NA,NA,9.2,9.2,NA,NA,NA,2013-06-11T14:15:34+02:00,2004,2004-01-01T00:00:00+01:00,2004-12-31T00:00:00+01:00,Latvia,"Age-standardized death rates, violence, per 100,000",EN,Sex
8791721,SA_0000001455,COUNTRY,GRC,EUR,YEAR,Europe,SEX,SEX_MLE,2004,NA,NA,NA,NA,NA,NA,1.2,1.2,NA,NA,NA,2013-06-11T14:15:34+02:00,2004,2004-01-01T00:00:00+01:00,2004-12-31T00:00:00+01:00,Greece,"Age-standardized death rates, violence, per 100,000",EN,Sex
4658481,SA_0000001455,COUNTRY,RWA,AFR,YEAR,Africa,SEX,SEX_BTSX,2004,NA,NA,NA,NA,NA,NA,34.4,34.4,NA,NA,NA,2013-06-11T14:15:34+02:00,2004,2004-01-01T00:00:00+01:00,2004-12-31T00:00:00+01:00,Rwanda,"Age-standardized death rates, violence, per 100,000",EN,Sex
2240742,SA_0000001455,COUNTRY,MLI,AFR,YEAR,Africa,NA,NA,2002,NA,NA,NA,NA,NA,NA,16.92,16.92,NA,NA,NA,2013-06-11T14:15:34+02:00,2002,2002-01-01T00:00:00+01:00,2002-12-31T00:00:00+01:00,Mali,"Age-standardized death rates, violence, per 100,000",EN,NA
5205223,SA_0000001455,COUNTRY,BLZ,AMR,YEAR,Americas,NA,NA,2002,NA,NA,NA,NA,NA,NA,15.49,15.49,NA,NA,NA,2013-06-11T14:15:34+02:00,2002,2002-01-01T00:00:00+01:00,2002-12-31T00:00:00+01:00,Belize,"Age-standardized death rates, violence, per 100,000",EN,NA
5574190,SA_0000001455,COUNTRY,MAR,EMR,YEAR,Eastern Mediterranean,SEX,SEX_BTSX,2004,NA,NA,NA,NA,NA,NA,1.2,1.2,NA,NA,NA,2013-06-11T14:15:34+02:00,2004,2004-01-01T00:00:00+01:00,2004-12-31T00:00:00+01:00,Morocco,"Age-standardized death rates, violence, per 100,000",EN,Sex
7312828,SA_0000001455,COUNTRY,BOL,AMR,YEAR,Americas,NA,NA,2002,NA,NA,NA,NA,NA,NA,4.74,4.74,NA,NA,NA,2013-06-11T14:15:34+02:00,2002,2002-01-01T00:00:00+01:00,2002-12-31T00:00:00+01:00,Bolivia (Plurinational State of),"Age-standardized death rates, violence, per 100,000",EN,NA
2445350,SA_0000001455,COUNTRY,POL,EUR,YEAR,Europe,SEX,SEX_BTSX,2004,NA,NA,NA,NA,NA,NA,1.4,1.4,NA,NA,NA,2013-06-11T14:15:34+02:00,2004,2004-01-01T00:00:00+01:00,2004-12-31T00:00:00+01:00,Poland,"Age-standardized death rates, violence, per 100,000",EN,Sex
9061673,SA_0000001455,COUNTRY,DZA,AFR,YEAR,Africa,SEX,SEX_FMLE,2004,NA,NA,NA,NA,NA,NA,0.9,0.9,NA,NA,NA,2013-06-11T14:15:34+02:00,2004,2004-01-01T00:00:00+01:00,2004-12-31T00:00:00+01:00,Algeria,"Age-standardized death rates, violence, per 100,000",EN,Sex
4901701,SA_0000001455,COUNTRY,TJK,EUR,YEAR,Europe,NA,NA,2002,NA,NA,NA,NA,NA,NA,7.99,7.99,NA,NA,NA,2013-06-11T14:15:34+02:00,2002,2002-01-01T00:00:00+01:00,2002-12-31T00:00:00+01:00,Tajikistan,"Age-standardized death rates, violence, per 100,000",EN,NA
3969509,SA_0000001455,COUNTRY,SAU,EMR,YEAR,Eastern Mediterranean,SEX,SEX_BTSX,2004,NA,NA,NA,NA,NA,NA,3.1,3.1,NA,NA,NA,2013-06-11T14:15:34+02:00,2004,2004-01-01T00:00:00+01:00,2004-12-31T00:00:00+01:00,Saudi Arabia,"Age-standardized death rates, violence, per 100,000",EN,Sex
4756958,SA_0000001455,COUNTRY,TCD,AFR,YEAR,Africa,SEX,SEX_BTSX,2004,NA,NA,NA,NA,NA,NA,23.8,23.8,NA,NA,NA,2013-06-11T14:15:34+02:00,2004,2004-01-01T00:00:00+01:00,2004-12-31T00:00:00+01:00,Chad,"Age-standardized death rates, violence, per 100,000",EN,Sex
4875516,SA_0000001455,COUNTRY,NIC,AMR,YEAR,Americas,SEX,SEX_FMLE,2004,NA,NA,NA,NA,NA,NA,0.1,0.1,NA,NA,NA,2013-06-11T14:15:34+02:00,2004,2004-01-01T00:00:00+01:00,2004-12-31T00:00:00+01:00,Nicaragua,"Age-standardized death rates, violence, per 100,000",EN,Sex
2293657,SA_0000001455,COUNTRY,NIC,AMR,YEAR,Americas,SEX,SEX_MLE,2004,NA,NA,NA,NA,NA,NA,31.4,31.4,NA,NA,NA,2013-06-11T14:15:34+02:00,2004,2004-01-01T00:00:00+01:00,2004-12-31T00:00:00+01:00,Nicaragua,"Age-standardized death rates, violence, per 100,000",EN,Sex
2419076,SA_0000001455,COUNTRY,PAN,AMR,YEAR,Americas,NA,NA,2002,NA,NA,NA,NA,NA,NA,9.72,9.72,NA,NA,NA,2013-06-11T14:15:34+02:00,2002,2002-01-01T00:00:00+01:00,2002-12-31T00:00:00+01:00,Panama,"Age-standardized death rates, violence, per 100,000",EN,NA
9022148,SA_0000001455,COUNTRY,SWZ,AFR,YEAR,Africa,SEX,SEX_FMLE,2004,NA,NA,NA,NA,NA,NA,0.1,0.1,NA,NA,NA,2013-06-11T14:15:34+02:00,2004,2004-01-01T00:00:00+01:00,2004-12-31T00:00:00+01:00,Eswatini,"Age-standardized death rates, violence, per 100,000",EN,Sex
9074923,SA_0000001455,COUNTRY,LAO,WPR,YEAR,Western Pacific,SEX,SEX_BTSX,2004,NA,NA,NA,NA,NA,NA,7.1,7.1,NA,NA,NA,2013-06-11T14:15:34+02:00,2004,2004-01-01T00:00:00+01:00,2004-12-31T00:00:00+01:00,Lao People's Democratic Republic,"Age-standardized death rates, violence, per 100,000",EN,Sex
1384398,SA_0000001455,COUNTRY,ESP,EUR,YEAR,Europe,SEX,SEX_BTSX,2004,NA,NA,NA,NA,NA,NA,1.3,1.3,NA,NA,NA,2013-06-11T14:15:34+02:00,2004,2004-01-01T00:00:00+01:00,2004-12-31T00:00:00+01:00,Spain,"Age-standardized death rates, violence, per 100,000",EN,Sex
5027151,SA_0000001455,COUNTRY,ETH,AFR,YEAR,Africa,SEX,SEX_BTSX,2004,NA,NA,NA,NA,NA,NA,25.7,25.7,NA,NA,NA,2013-06-11T14:15:34+02:00,2004,2004-01-01T00:00:00+01:00,2004-12-31T00:00:00+01:00,Ethiopia,"Age-standardized death rates, violence, per 100,000",EN,Sex
7850376,SA_0000001455,COUNTRY,SAU,EMR,YEAR,Eastern Mediterranean,NA,NA,2002,NA,NA,NA,NA,NA,NA,2.85,2.85,NA,NA,NA,2013-06-11T14:15:34+02:00,2002,2002-01-01T00:00:00+01:00,2002-12-31T00:00:00+01:00,Saudi Arabia,"Age-standardized death rates, violence, per 100,000",EN,NA
3864070,SA_0000001455,COUNTRY,AUT,EUR,YEAR,Europe,SEX,SEX_BTSX,2004,NA,NA,NA,NA,NA,NA,0.7,0.7,NA,NA,NA,2013-06-11T14:15:34+02:00,2004,2004-01-01T00:00:00+01:00,2004-12-31T00:00:00+01:00,Austria,"Age-standardized death rates, violence, per 100,000",EN,Sex
2517479,SA_0000001455,COUNTRY,ROU,EUR,YEAR,Europe,NA,NA,2002,NA,NA,NA,NA,NA,NA,3.22,3.22,NA,NA,NA,2013-06-11T14:15:34+02:00,2002,2002-01-01T00:00:00+01:00,2002-12-31T00:00:00+01:00,Romania,"Age-standardized death rates, violence, per 100,000",EN,NA
9226224,SA_0000001455,COUNTRY,SWE,EUR,YEAR,Europe,SEX,SEX_MLE,2004,NA,NA,NA,NA,NA,NA,1.5,1.5,NA,NA,NA,2013-06-11T14:15:34+02:00,2004,2004-01-01T00:00:00+01:00,2004-12-31T00:00:00+01:00,Sweden,"Age-standardized death rates, violence, per 100,000",EN,Sex
5139456,SA_0000001455,COUNTRY,DEU,EUR,YEAR,Europe,SEX,SEX_MLE,2004,NA,NA,NA,NA,NA,NA,0.7,0.7,NA,NA,NA,2013-06-11T14:15:34+02:00,2004,2004-01-01T00:00:00+01:00,2004-12-31T00:00:00+01:00,Germany,"Age-standardized death rates, violence, per 100,000",EN,Sex
1964305,SA_0000001455,COUNTRY,SGP,WPR,YEAR,Western Pacific,NA,NA,2002,NA,NA,NA,NA,NA,NA,0.82,0.82,NA,NA,NA,2013-06-11T14:15:34+02:00,2002,2002-01-01T00:00:00+01:00,2002-12-31T00:00:00+01:00,Singapore,"Age-standardized death rates, violence, per 100,000",EN,NA
4888610,SA_0000001455,COUNTRY,MDV,SEAR,YEAR,South-East Asia,NA,NA,2002,NA,NA,NA,NA,NA,NA,11.23,11.23,NA,NA,NA,2013-06-11T14:15:34+02:00,2002,2002-01-01T00:00:00+01:00,2002-12-31T00:00:00+01:00,Maldives,"Age-standardized death rates, violence, per 100,000",EN,NA
3442597,SA_0000001455,COUNTRY,GBR,EUR,YEAR,Europe,SEX,SEX_MLE,2004,NA,NA,NA,NA,NA,NA,3.1,3.1,NA,NA,NA,2013-06-11T14:15:34+02:00,2004,2004-01-01T00:00:00+01:00,2004-12-31T00:00:00+01:00,United Kingdom of Great Britain and Northern Ireland,"Age-standardized death rates, violence, per 100,000",EN,Sex
5771898,SA_0000001455,COUNTRY,SLB,WPR,YEAR,Western Pacific,SEX,SEX_FMLE,2004,NA,NA,NA,NA,NA,NA,0.0,0,NA,NA,NA,2013-06-11T14:15:34+02:00,2004,2004-01-01T00:00:00+01:00,2004-12-31T00:00:00+01:00,Solomon Islands,"Age-standardized death rates, violence, per 100,000",EN,Sex
2675333,SA_0000001455,COUNTRY,NGA,AFR,YEAR,Africa,SEX,SEX_BTSX,2004,NA,NA,NA,NA,NA,NA,21.4,21.4,NA,NA,NA,2013-06-11T14:15:34+02:00,2004,2004-01-01T00:00:00+01:00,2004-12-31T00:00:00+01:00,Nigeria,"Age-standardized death rates, violence, per 100,000",EN,Sex
2866315,SA_0000001455,COUNTRY,GMB,AFR,YEAR,Africa,SEX,SEX_BTSX,2004,NA,NA,NA,NA,NA,NA,16.1,16.1,NA,NA,NA,2013-06-11T14:15:34+02:00,2004,2004-01-01T00:00:00+01:00,2004-12-31T00:00:00+01:00,Gambia,"Age-standardized death rates, violence, per 100,000",EN,Sex
6298370,SA_0000001455,COUNTRY,KNA,AMR,YEAR,Americas,SEX,SEX_BTSX,2004,NA,NA,NA,NA,NA,NA,11.3,11.3,NA,NA,NA,2013-06-11T14:15:34+02:00,2004,2004-01-01T00:00:00+01:00,2004-12-31T00:00:00+01:00,Saint Kitts and Nevis,"Age-standardized death rates, violence, per 100,000",EN,Sex
1931347,SA_0000001455,COUNTRY,URY,AMR,YEAR,Americas,SEX,SEX_FMLE,2004,NA,NA,NA,NA,NA,NA,0.0,0,NA,NA,NA,2013-06-11T14:15:34+02:00,2004,2004-01-01T00:00:00+01:00,2004-12-31T00:00:00+01:00,Uruguay,"Age-standardized death rates, violence, per 100,000",EN,Sex
4237801,SA_0000001455,COUNTRY,FSM,WPR,YEAR,Western Pacific,NA,NA,2002,NA,NA,NA,NA,NA,NA,1.27,1.27,NA,NA,NA,2013-06-11T14:15:34+02:00,2002,2002-01-01T00:00:00+01:00,2002-12-31T00:00:00+01:00,Micronesia (Federated States of),"Age-standardized death rates, violence, per 100,000",EN,NA
1489622,SA_0000001455,COUNTRY,ITA,EUR,YEAR,Europe,NA,NA,2002,NA,NA,NA,NA,NA,NA,1.02,1.02,NA,NA,NA,2013-06-11T14:15:34+02:00,2002,2002-01-01T00:00:00+01:00,2002-12-31T00:00:00+01:00,Italy,"Age-standardized death rates, violence, per 100,000",EN,NA
8316043,SA_0000001455,COUNTRY,ROU,EUR,YEAR,Europe,SEX,SEX_FMLE,2004,NA,NA,NA,NA,NA,NA,0.2,0.2,NA,NA,NA,2013-06-11T14:15:34+02:00,2004,2004-01-01T00:00:00+01:00,2004-12-31T00:00:00+01:00,Romania,"Age-standardized death rates, violence, per 100,000",EN,Sex
1667572,SA_0000001455,COUNTRY,NOR,EUR,YEAR,Europe,SEX,SEX_MLE,2004,NA,NA,NA,NA,NA,NA,1.1,1.1,NA,NA,NA,2013-06-11T14:15:34+02:00,2004,2004-01-01T00:00:00+01:00,2004-12-31T00:00:00+01:00,Norway,"Age-standardized death rates, violence, per 100,000",EN,Sex
6720597,SA_0000001455,COUNTRY,IDN,WPR,YEAR,Western Pacific,SEX,SEX_FMLE,2004,NA,NA,NA,NA,NA,NA,4.0,4,NA,NA,NA,2013-06-11T14:15:34+02:00,2004,2004-01-01T00:00:00+01:00,2004-12-31T00:00:00+01:00,Indonesia,"Age-standardized death rates, violence, per 100,000",EN,Sex
6034849,SA_0000001455,COUNTRY,ZWE,AFR,YEAR,Africa,SEX,SEX_FMLE,2004,NA,NA,NA,NA,NA,NA,0.7,0.7,NA,NA,NA,2013-06-11T14:15:34+02:00,2004,2004-01-01T00:00:00+01:00,2004-12-31T00:00:00+01:00,Zimbabwe,"Age-standardized death rates, violence, per 100,000",EN,Sex
9279220,SA_0000001455,COUNTRY,BDI,AFR,YEAR,Africa,SEX,SEX_BTSX,2004,NA,NA,NA,NA,NA,NA,44.8,44.8,NA,NA,NA,2013-06-11T14:15:34+02:00,2004,2004-01-01T00:00:00+01:00,2004-12-31T00:00:00+01:00,Burundi,"Age-standardized death rates, violence, per 100,000",EN,Sex
2194879,SA_0000001455,COUNTRY,EST,EUR,YEAR,Europe,SEX,SEX_FMLE,2004,NA,NA,NA,NA,NA,NA,0.0,0,NA,NA,NA,2013-06-11T14:15:34+02:00,2004,2004-01-01T00:00:00+01:00,2004-12-31T00:00:00+01:00,Estonia,"Age-standardized death rates, violence, per 100,000",EN,Sex
7273719,SA_0000001455,COUNTRY,IDN,WPR,YEAR,Western Pacific,NA,NA,2002,NA,NA,NA,NA,NA,NA,10.39,10.39,NA,NA,NA,2013-06-11T14:15:34+02:00,2002,2002-01-01T00:00:00+01:00,2002-12-31T00:00:00+01:00,Indonesia,"Age-standardized death rates, violence, per 100,000",EN,NA
2340119,SA_0000001455,COUNTRY,BEN,AFR,YEAR,Africa,SEX,SEX_BTSX,2004,NA,NA,NA,NA,NA,NA,15.8,15.8,NA,NA,NA,2013-06-11T14:15:34+02:00,2004,2004-01-01T00:00:00+01:00,2004-12-31T00:00:00+01:00,Benin,"Age-standardized death rates, violence, per 100,000",EN,Sex
8019430,SA_0000001455,COUNTRY,BHR,EMR,YEAR,Eastern Mediterranean,SEX,SEX_BTSX,2004,NA,NA,NA,NA,NA,NA,1.1,1.1,NA,NA,NA,2013-06-11T14:15:34+02:00,2004,2004-01-01T00:00:00+01:00,2004-12-31T00:00:00+01:00,Bahrain,"Age-standardized death rates, violence, per 100,000",EN,Sex
5929553,SA_0000001455,COUNTRY,ATG,AMR,YEAR,Americas,SEX,SEX_MLE,2004,NA,NA,NA,NA,NA,NA,12.7,12.7,NA,NA,NA,2013-06-11T14:15:34+02:00,2004,2004-01-01T00:00:00+01:00,2004-12-31T00:00:00+01:00,Antigua and Barbuda,"Age-standardized death rates, violence, per 100,000",EN,Sex
1397758,SA_0000001455,COUNTRY,BRN,WPR,YEAR,Western Pacific,SEX,SEX_MLE,2004,NA,NA,NA,NA,NA,NA,1.2,1.2,NA,NA,NA,2013-06-11T14:15:34+02:00,2004,2004-01-01T00:00:00+01:00,2004-12-31T00:00:00+01:00,Brunei Darussalam,"Age-standardized death rates, violence, per 100,000",EN,Sex
3297091,SA_0000001455,COUNTRY,MDA,EUR,YEAR,Europe,SEX,SEX_MLE,2004,NA,NA,NA,NA,NA,NA,10.7,10.7,NA,NA,NA,2013-06-11T14:15:34+02:00,2004,2004-01-01T00:00:00+01:00,2004-12-31T00:00:00+01:00,Republic of Moldova,"Age-standardized death rates, violence, per 100,000",EN,Sex
1931471,SA_0000001455,COUNTRY,GBR,EUR,YEAR,Europe,SEX,SEX_FMLE,2004,NA,NA,NA,NA,NA,NA,0.3,0.3,NA,NA,NA,2013-06-11T14:15:34+02:00,2004,2004-01-01T00:00:00+01:00,2004-12-31T00:00:00+01:00,United Kingdom of Great Britain and Northern Ireland,"Age-standardized death rates, violence, per 100,000",EN,Sex
7306549,SA_0000001455,COUNTRY,IRN,EMR,YEAR,Eastern Mediterranean,SEX,SEX_FMLE,2004,NA,NA,NA,NA,NA,NA,0.4,0.4,NA,NA,NA,2013-06-11T14:15:34+02:00,2004,2004-01-01T00:00:00+01:00,2004-12-31T00:00:00+01:00,Iran (Islamic Republic of),"Age-standardized death rates, violence, per 100,000",EN,Sex
6081174,SA_0000001455,COUNTRY,PNG,WPR,YEAR,Western Pacific,NA,NA,2002,NA,NA,NA,NA,NA,NA,20.11,20.11,NA,NA,NA,2013-06-11T14:15:34+02:00,2002,2002-01-01T00:00:00+01:00,2002-12-31T00:00:00+01:00,Papua New Guinea,"Age-standardized death rates, violence, per 100,000",EN,NA
7194541,SA_0000001455,COUNTRY,LBN,EMR,YEAR,Eastern Mediterranean,SEX,SEX_MLE,2004,NA,NA,NA,NA,NA,NA,4.4,4.4,NA,NA,NA,2013-06-11T14:15:34+02:00,2004,2004-01-01T00:00:00+01:00,2004-12-31T00:00:00+01:00,Lebanon,"Age-standardized death rates, violence, per 100,000",EN,Sex
5936200,SA_0000001455,COUNTRY,BGD,SEAR,YEAR,South-East Asia,SEX,SEX_FMLE,2004,NA,NA,NA,NA,NA,NA,3.2,3.2,NA,NA,NA,2013-06-11T14:15:34+02:00,2004,2004-01-01T00:00:00+01:00,2004-12-31T00:00:00+01:00,Bangladesh,"Age-standardized death rates, violence, per 100,000",EN,Sex
8694089,SA_0000001455,COUNTRY,AFG,EMR,YEAR,Eastern Mediterranean,SEX,SEX_FMLE,2004,NA,NA,NA,NA,NA,NA,0.1,0.1,NA,NA,NA,2013-06-11T14:15:34+02:00,2004,2004-01-01T00:00:00+01:00,2004-12-31T00:00:00+01:00,Afghanistan,"Age-standardized death rates, violence, per 100,000",EN,Sex
9193679,SA_0000001455,COUNTRY,FRA,EUR,YEAR,Europe,SEX,SEX_FMLE,2004,NA,NA,NA,NA,NA,NA,0.2,0.2,NA,NA,NA,2013-06-11T14:15:34+02:00,2004,2004-01-01T00:00:00+01:00,2004-12-31T00:00:00+01:00,France,"Age-standardized death rates, violence, per 100,000",EN,Sex
4796874,SA_0000001455,COUNTRY,VEN,AMR,YEAR,Americas,SEX,SEX_MLE,2004,NA,NA,NA,NA,NA,NA,71.3,71.3,NA,NA,NA,2013-06-11T14:15:34+02:00,2004,2004-01-01T00:00:00+01:00,2004-12-31T00:00:00+01:00,Venezuela (Bolivarian Republic of),"Age-standardized death rates, violence, per 100,000",EN,Sex
4862727,SA_0000001455,COUNTRY,MEX,AMR,YEAR,Americas,NA,NA,2002,NA,NA,NA,NA,NA,NA,11.08,11.08,NA,NA,NA,2013-06-11T14:15:34+02:00,2002,2002-01-01T00:00:00+01:00,2002-12-31T00:00:00+01:00,Mexico,"Age-standardized death rates, violence, per 100,000",EN,NA
6937248,SA_0000001455,COUNTRY,TUN,EMR,YEAR,Eastern Mediterranean,SEX,SEX_FMLE,2004,NA,NA,NA,NA,NA,NA,0.0,0,NA,NA,NA,2013-06-11T14:15:34+02:00,2004,2004-01-01T00:00:00+01:00,2004-12-31T00:00:00+01:00,Tunisia,"Age-standardized death rates, violence, per 100,000",EN,Sex
5298080,SA_0000001455,COUNTRY,BOL,AMR,YEAR,Americas,SEX,SEX_BTSX,2004,NA,NA,NA,NA,NA,NA,4.4,4.4,NA,NA,NA,2013-06-11T14:15:34+02:00,2004,2004-01-01T00:00:00+01:00,2004-12-31T00:00:00+01:00,Bolivia (Plurinational State of),"Age-standardized death rates, violence, per 100,000",EN,Sex
2504804,SA_0000001455,COUNTRY,COL,AMR,YEAR,Americas,NA,NA,2002,NA,NA,NA,NA,NA,NA,73.07,73.07,NA,NA,NA,2013-06-11T14:15:34+02:00,2002,2002-01-01T00:00:00+01:00,2002-12-31T00:00:00+01:00,Colombia,"Age-standardized death rates, violence, per 100,000",EN,NA
2721825,SA_0000001455,COUNTRY,BRA,AMR,YEAR,Americas,SEX,SEX_MLE,2004,NA,NA,NA,NA,NA,NA,55.6,55.6,NA,NA,NA,2013-06-11T14:15:34+02:00,2004,2004-01-01T00:00:00+01:00,2004-12-31T00:00:00+01:00,Brazil,"Age-standardized death rates, violence, per 100,000",EN,Sex
2735014,SA_0000001455,COUNTRY,JPN,WPR,YEAR,Western Pacific,SEX,SEX_BTSX,2004,NA,NA,NA,NA,NA,NA,0.5,0.5,NA,NA,NA,2013-06-11T14:15:34+02:00,2004,2004-01-01T00:00:00+01:00,2004-12-31T00:00:00+01:00,Japan,"Age-standardized death rates, violence, per 100,000",EN,Sex
4816549,SA_0000001455,COUNTRY,SUR,AMR,YEAR,Americas,SEX,SEX_MLE,2004,NA,NA,NA,NA,NA,NA,22.3,22.3,NA,NA,NA,2013-06-11T14:15:34+02:00,2004,2004-01-01T00:00:00+01:00,2004-12-31T00:00:00+01:00,Suriname,"Age-standardized death rates, violence, per 100,000",EN,Sex
9305593,SA_0000001455,COUNTRY,BLR,EUR,YEAR,Europe,SEX,SEX_MLE,2004,NA,NA,NA,NA,NA,NA,13.1,13.1,NA,NA,NA,2013-06-11T14:15:34+02:00,2004,2004-01-01T00:00:00+01:00,2004-12-31T00:00:00+01:00,Belarus,"Age-standardized death rates, violence, per 100,000",EN,Sex
7844138,SA_0000001455,COUNTRY,BHS,AMR,YEAR,Americas,SEX,SEX_BTSX,2004,NA,NA,NA,NA,NA,NA,22.4,22.4,NA,NA,NA,2013-06-11T14:15:34+02:00,2004,2004-01-01T00:00:00+01:00,2004-12-31T00:00:00+01:00,Bahamas,"Age-standardized death rates, violence, per 100,000",EN,Sex
4028879,SA_0000001455,COUNTRY,QAT,EMR,YEAR,Eastern Mediterranean,SEX,SEX_FMLE,2004,NA,NA,NA,NA,NA,NA,0.0,0,NA,NA,NA,2013-06-11T14:15:34+02:00,2004,2004-01-01T00:00:00+01:00,2004-12-31T00:00:00+01:00,Qatar,"Age-standardized death rates, violence, per 100,000",EN,Sex
2478499,SA_0000001455,COUNTRY,COK,WPR,YEAR,Western Pacific,SEX,SEX_BTSX,2004,NA,NA,NA,NA,NA,NA,0.8,0.8,NA,NA,NA,2013-06-11T14:15:34+02:00,2004,2004-01-01T00:00:00+01:00,2004-12-31T00:00:00+01:00,Cook Islands,"Age-standardized death rates, violence, per 100,000",EN,Sex
5916705,SA_0000001455,COUNTRY,SMR,EUR,YEAR,Europe,SEX,SEX_FMLE,2004,NA,NA,NA,NA,NA,NA,0.0,0,NA,NA,NA,2013-06-11T14:15:34+02:00,2004,2004-01-01T00:00:00+01:00,2004-12-31T00:00:00+01:00,San Marino,"Age-standardized death rates, violence, per 100,000",EN,Sex
2853407,SA_0000001455,COUNTRY,THA,SEAR,YEAR,South-East Asia,SEX,SEX_MLE,2004,NA,NA,NA,NA,NA,NA,10.7,10.7,NA,NA,NA,2013-06-11T14:15:34+02:00,2004,2004-01-01T00:00:00+01:00,2004-12-31T00:00:00+01:00,Thailand,"Age-standardized death rates, violence, per 100,000",EN,Sex
4856178,SA_0000001455,COUNTRY,LBN,EMR,YEAR,Eastern Mediterranean,SEX,SEX_FMLE,2004,NA,NA,NA,NA,NA,NA,0.0,0,NA,NA,NA,2013-06-11T14:15:34+02:00,2004,2004-01-01T00:00:00+01:00,2004-12-31T00:00:00+01:00,Lebanon,"Age-standardized death rates, violence, per 100,000",EN,Sex
6700961,SA_0000001455,COUNTRY,COK,WPR,YEAR,Western Pacific,SEX,SEX_FMLE,2004,NA,NA,NA,NA,NA,NA,0.0,0,NA,NA,NA,2013-06-11T14:15:34+02:00,2004,2004-01-01T00:00:00+01:00,2004-12-31T00:00:00+01:00,Cook Islands,"Age-standardized death rates, violence, per 100,000",EN,Sex
8039461,SA_0000001455,COUNTRY,SDN,EMR,YEAR,Eastern Mediterranean,SEX,SEX_FMLE,2004,NA,NA,NA,NA,NA,NA,1.9,1.9,NA,NA,NA,2013-06-11T14:15:34+02:00,2004,2004-01-01T00:00:00+01:00,2004-12-31T00:00:00+01:00,Sudan,"Age-standardized death rates, violence, per 100,000",EN,Sex
2550858,SA_0000001455,COUNTRY,GNQ,AFR,YEAR,Africa,NA,NA,2002,NA,NA,NA,NA,NA,NA,15.90,15.9,NA,NA,NA,2013-06-11T14:15:34+02:00,2002,2002-01-01T00:00:00+01:00,2002-12-31T00:00:00+01:00,Equatorial Guinea,"Age-standardized death rates, violence, per 100,000",EN,NA
4836403,SA_0000001455,COUNTRY,PLW,WPR,YEAR,Western Pacific,NA,NA,2002,NA,NA,NA,NA,NA,NA,0.96,0.96,NA,NA,NA,2013-06-11T14:15:34+02:00,2002,2002-01-01T00:00:00+01:00,2002-12-31T00:00:00+01:00,Palau,"Age-standardized death rates, violence, per 100,000",EN,NA
7135321,SA_0000001455,COUNTRY,BEL,EUR,YEAR,Europe,SEX,SEX_MLE,2004,NA,NA,NA,NA,NA,NA,1.8,1.8,NA,NA,NA,2013-06-11T14:15:34+02:00,2004,2004-01-01T00:00:00+01:00,2004-12-31T00:00:00+01:00,Belgium,"Age-standardized death rates, violence, per 100,000",EN,Sex
5706394,SA_0000001455,COUNTRY,CZE,EUR,YEAR,Europe,SEX,SEX_MLE,2004,NA,NA,NA,NA,NA,NA,1.6,1.6,NA,NA,NA,2013-06-11T14:15:34+02:00,2004,2004-01-01T00:00:00+01:00,2004-12-31T00:00:00+01:00,Czechia,"Age-standardized death rates, violence, per 100,000",EN,Sex
5929752,SA_0000001455,COUNTRY,TGO,AFR,YEAR,Africa,NA,NA,2002,NA,NA,NA,NA,NA,NA,12.79,12.79,NA,NA,NA,2013-06-11T14:15:34+02:00,2002,2002-01-01T00:00:00+01:00,2002-12-31T00:00:00+01:00,Togo,"Age-standardized death rates, violence, per 100,000",EN,NA
3105934,SA_0000001455,COUNTRY,COM,AFR,YEAR,Africa,SEX,SEX_FMLE,2004,NA,NA,NA,NA,NA,NA,0.0,0,NA,NA,NA,2013-06-11T14:15:34+02:00,2004,2004-01-01T00:00:00+01:00,2004-12-31T00:00:00+01:00,Comoros,"Age-standardized death rates, violence, per 100,000",EN,Sex
9193774,SA_0000001455,COUNTRY,CRI,AMR,YEAR,Americas,SEX,SEX_MLE,2004,NA,NA,NA,NA,NA,NA,11.3,11.3,NA,NA,NA,2013-06-11T14:15:34+02:00,2004,2004-01-01T00:00:00+01:00,2004-12-31T00:00:00+01:00,Costa Rica,"Age-standardized death rates, violence, per 100,000",EN,Sex
9436964,SA_0000001455,COUNTRY,UZB,EUR,YEAR,Europe,SEX,SEX_BTSX,2004,NA,NA,NA,NA,NA,NA,4.0,4,NA,NA,NA,2013-06-11T14:15:34+02:00,2004,2004-01-01T00:00:00+01:00,2004-12-31T00:00:00+01:00,Uzbekistan,"Age-standardized death rates, violence, per 100,000",EN,Sex
3469301,SA_0000001455,COUNTRY,WSM,WPR,YEAR,Western Pacific,SEX,SEX_MLE,2004,NA,NA,NA,NA,NA,NA,1.9,1.9,NA,NA,NA,2013-06-11T14:15:34+02:00,2004,2004-01-01T00:00:00+01:00,2004-12-31T00:00:00+01:00,Samoa,"Age-standardized death rates, violence, per 100,000",EN,Sex
6897721,SA_0000001455,COUNTRY,AUS,WPR,YEAR,Western Pacific,SEX,SEX_BTSX,2004,NA,NA,NA,NA,NA,NA,1.3,1.3,NA,NA,NA,2013-06-11T14:15:34+02:00,2004,2004-01-01T00:00:00+01:00,2004-12-31T00:00:00+01:00,Australia,"Age-standardized death rates, violence, per 100,000",EN,Sex
3011441,SA_0000001455,COUNTRY,BHR,EMR,YEAR,Eastern Mediterranean,SEX,SEX_FMLE,2004,NA,NA,NA,NA,NA,NA,0.0,0,NA,NA,NA,2013-06-11T14:15:34+02:00,2004,2004-01-01T00:00:00+01:00,2004-12-31T00:00:00+01:00,Bahrain,"Age-standardized death rates, violence, per 100,000",EN,Sex
1812703,SA_0000001455,COUNTRY,KGZ,EUR,YEAR,Europe,NA,NA,2002,NA,NA,NA,NA,NA,NA,10.34,10.34,NA,NA,NA,2013-06-11T14:15:34+02:00,2002,2002-01-01T00:00:00+01:00,2002-12-31T00:00:00+01:00,Kyrgyzstan,"Age-standardized death rates, violence, per 100,000",EN,NA
5818041,SA_0000001455,COUNTRY,UZB,EUR,YEAR,Europe,SEX,SEX_MLE,2004,NA,NA,NA,NA,NA,NA,6.0,6,NA,NA,NA,2013-06-11T14:15:34+02:00,2004,2004-01-01T00:00:00+01:00,2004-12-31T00:00:00+01:00,Uzbekistan,"Age-standardized death rates, violence, per 100,000",EN,Sex
1516386,SA_0000001455,COUNTRY,MUS,AFR,YEAR,Africa,NA,NA,2002,NA,NA,NA,NA,NA,NA,2.60,2.6,NA,NA,NA,2013-06-11T14:15:34+02:00,2002,2002-01-01T00:00:00+01:00,2002-12-31T00:00:00+01:00,Mauritius,"Age-standardized death rates, violence, per 100,000",EN,NA
4941826,SA_0000001455,COUNTRY,GNB,AFR,YEAR,Africa,NA,NA,2002,NA,NA,NA,NA,NA,NA,15.78,15.78,NA,NA,NA,2013-06-11T14:15:34+02:00,2002,2002-01-01T00:00:00+01:00,2002-12-31T00:00:00+01:00,Guinea-Bissau,"Age-standardized death rates, violence, per 100,000",EN,NA
6897793,SA_0000001455,COUNTRY,TCD,AFR,YEAR,Africa,SEX,SEX_MLE,2004,NA,NA,NA,NA,NA,NA,39.9,39.9,NA,NA,NA,2013-06-11T14:15:34+02:00,2004,2004-01-01T00:00:00+01:00,2004-12-31T00:00:00+01:00,Chad,"Age-standardized death rates, violence, per 100,000",EN,Sex
4035674,SA_0000001455,COUNTRY,AUS,WPR,YEAR,Western Pacific,SEX,SEX_FMLE,2004,NA,NA,NA,NA,NA,NA,0.1,0.1,NA,NA,NA,2013-06-11T14:15:34+02:00,2004,2004-01-01T00:00:00+01:00,2004-12-31T00:00:00+01:00,Australia,"Age-standardized death rates, violence, per 100,000",EN,Sex
9351806,SA_0000001455,COUNTRY,BHS,AMR,YEAR,Americas,NA,NA,2002,NA,NA,NA,NA,NA,NA,20.97,20.97,NA,NA,NA,2013-06-11T14:15:34+02:00,2002,2002-01-01T00:00:00+01:00,2002-12-31T00:00:00+01:00,Bahamas,"Age-standardized death rates, violence, per 100,000",EN,NA
6707768,SA_0000001455,COUNTRY,PRK,SEAR,YEAR,South-East Asia,SEX,SEX_FMLE,2004,NA,NA,NA,NA,NA,NA,0.6,0.6,NA,NA,NA,2013-06-11T14:15:34+02:00,2004,2004-01-01T00:00:00+01:00,2004-12-31T00:00:00+01:00,Democratic People's Republic of Korea,"Age-standardized death rates, violence, per 100,000",EN,Sex
3758954,SA_0000001455,COUNTRY,PRY,AMR,YEAR,Americas,NA,NA,2002,NA,NA,NA,NA,NA,NA,20.07,20.07,NA,NA,NA,2013-06-11T14:15:34+02:00,2002,2002-01-01T00:00:00+01:00,2002-12-31T00:00:00+01:00,Paraguay,"Age-standardized death rates, violence, per 100,000",EN,NA
3384127,SA_0000001455,COUNTRY,MCO,EUR,YEAR,Europe,SEX,SEX_FMLE,2004,NA,NA,NA,NA,NA,NA,0.0,0,NA,NA,NA,2013-06-11T14:15:34+02:00,2004,2004-01-01T00:00:00+01:00,2004-12-31T00:00:00+01:00,Monaco,"Age-standardized death rates, violence, per 100,000",EN,Sex
3772171,SA_0000001455,COUNTRY,NRU,WPR,YEAR,Western Pacific,SEX,SEX_BTSX,2004,NA,NA,NA,NA,NA,NA,12.6,12.6,NA,NA,NA,2013-06-11T14:15:34+02:00,2004,2004-01-01T00:00:00+01:00,2004-12-31T00:00:00+01:00,Naoero,"Age-standardized death rates, violence, per 100,000",EN,Sex
3106132,SA_0000001455,COUNTRY,SLE,AFR,YEAR,Africa,SEX,SEX_BTSX,2004,NA,NA,NA,NA,NA,NA,39.8,39.8,NA,NA,NA,2013-06-11T14:15:34+02:00,2004,2004-01-01T00:00:00+01:00,2004-12-31T00:00:00+01:00,Sierra Leone,"Age-standardized death rates, violence, per 100,000",EN,Sex
7495358,SA_0000001455,COUNTRY,SMR,EUR,YEAR,Europe,SEX,SEX_MLE,2004,NA,NA,NA,NA,NA,NA,0.0,0,NA,NA,NA,2013-06-11T14:15:34+02:00,2004,2004-01-01T00:00:00+01:00,2004-12-31T00:00:00+01:00,San Marino,"Age-standardized death rates, violence, per 100,000",EN,Sex
3621381,SA_0000001455,COUNTRY,FSM,WPR,YEAR,Western Pacific,SEX,SEX_FMLE,2004,NA,NA,NA,NA,NA,NA,0.0,0,NA,NA,NA,2013-06-11T14:15:34+02:00,2004,2004-01-01T00:00:00+01:00,2004-12-31T00:00:00+01:00,Micronesia (Federated States of),"Age-standardized death rates, violence, per 100,000",EN,Sex
5949781,SA_0000001455,COUNTRY,ME1,NA,YEAR,NA,NA,NA,2002,NA,NA,NA,NA,NA,NA,1.64,1.64,NA,NA,NA,2013-06-11T14:15:34+02:00,2002,2002-01-01T00:00:00+01:00,2002-12-31T00:00:00+01:00,The former state union Serbia and Montenegro,"Age-standardized death rates, violence, per 100,000",EN,NA
8832258,SA_0000001455,COUNTRY,RUS,EUR,YEAR,Europe,NA,NA,2002,NA,NA,NA,NA,NA,NA,29.64,29.64,NA,NA,NA,2013-06-11T14:15:34+02:00,2002,2002-01-01T00:00:00+01:00,2002-12-31T00:00:00+01:00,Russian Federation,"Age-standardized death rates, violence, per 100,000",EN,NA
2893174,SA_0000001455,COUNTRY,MDG,AFR,YEAR,Africa,SEX,SEX_FMLE,2004,NA,NA,NA,NA,NA,NA,0.5,0.5,NA,NA,NA,2013-06-11T14:15:34+02:00,2004,2004-01-01T00:00:00+01:00,2004-12-31T00:00:00+01:00,Madagascar,"Age-standardized death rates, violence, per 100,000",EN,Sex
2004481,SA_0000001455,COUNTRY,VEN,AMR,YEAR,Americas,SEX,SEX_BTSX,2004,NA,NA,NA,NA,NA,NA,38.2,38.2,NA,NA,NA,2013-06-11T14:15:34+02:00,2004,2004-01-01T00:00:00+01:00,2004-12-31T00:00:00+01:00,Venezuela (Bolivarian Republic of),"Age-standardized death rates, violence, per 100,000",EN,Sex
5370949,SA_0000001455,COUNTRY,KIR,WPR,YEAR,Western Pacific,SEX,SEX_FMLE,2004,NA,NA,NA,NA,NA,NA,0.0,0,NA,NA,NA,2013-06-11T14:15:34+02:00,2004,2004-01-01T00:00:00+01:00,2004-12-31T00:00:00+01:00,Kiribati,"Age-standardized death rates, violence, per 100,000",EN,Sex
2076604,SA_0000001455,COUNTRY,EST,EUR,YEAR,Europe,NA,NA,2002,NA,NA,NA,NA,NA,NA,14.17,14.17,NA,NA,NA,2013-06-11T14:15:34+02:00,2002,2002-01-01T00:00:00+01:00,2002-12-31T00:00:00+01:00,Estonia,"Age-standardized death rates, violence, per 100,000",EN,NA
1299654,SA_0000001455,COUNTRY,DJI,EMR,YEAR,Eastern Mediterranean,SEX,SEX_FMLE,2004,NA,NA,NA,NA,NA,NA,0.0,0,NA,NA,NA,2013-06-11T14:15:34+02:00,2004,2004-01-01T00:00:00+01:00,2004-12-31T00:00:00+01:00,Djibouti,"Age-standardized death rates, violence, per 100,000",EN,Sex
3555323,SA_0000001455,COUNTRY,ARM,EUR,YEAR,Europe,NA,NA,2002,NA,NA,NA,NA,NA,NA,3.56,3.56,NA,NA,NA,2013-06-11T14:15:34+02:00,2002,2002-01-01T00:00:00+01:00,2002-12-31T00:00:00+01:00,Armenia,"Age-standardized death rates, violence, per 100,000",EN,NA
7300361,SA_0000001455,COUNTRY,ZWE,AFR,YEAR,Africa,NA,NA,2002,NA,NA,NA,NA,NA,NA,13.59,13.59,NA,NA,NA,2013-06-11T14:15:34+02:00,2002,2002-01-01T00:00:00+01:00,2002-12-31T00:00:00+01:00,Zimbabwe,"Age-standardized death rates, violence, per 100,000",EN,NA
4942026,SA_0000001455,COUNTRY,MUS,AFR,YEAR,Africa,SEX,SEX_BTSX,2004,NA,NA,NA,NA,NA,NA,2.6,2.6,NA,NA,NA,2013-06-11T14:15:34+02:00,2004,2004-01-01T00:00:00+01:00,2004-12-31T00:00:00+01:00,Mauritius,"Age-standardized death rates, violence, per 100,000",EN,Sex
6430803,SA_0000001455,COUNTRY,LTU,EUR,YEAR,Europe,SEX,SEX_BTSX,2004,NA,NA,NA,NA,NA,NA,8.2,8.2,NA,NA,NA,2013-06-11T14:15:34+02:00,2004,2004-01-01T00:00:00+01:00,2004-12-31T00:00:00+01:00,Lithuania,"Age-standardized death rates, violence, per 100,000",EN,Sex
8079232,SA_0000001455,COUNTRY,KAZ,EUR,YEAR,Europe,SEX,SEX_FMLE,2004,NA,NA,NA,NA,NA,NA,0.7,0.7,NA,NA,NA,2013-06-11T14:15:34+02:00,2004,2004-01-01T00:00:00+01:00,2004-12-31T00:00:00+01:00,Kazakhstan,"Age-standardized death rates, violence, per 100,000",EN,Sex
4192373,SA_0000001455,COUNTRY,CAF,AFR,YEAR,Africa,SEX,SEX_FMLE,2004,NA,NA,NA,NA,NA,NA,0.2,0.2,NA,NA,NA,2013-06-11T14:15:34+02:00,2004,2004-01-01T00:00:00+01:00,2004-12-31T00:00:00+01:00,Central African Republic,"Age-standardized death rates, violence, per 100,000",EN,Sex
3071205,SA_0000001455,COUNTRY,GTM,AMR,YEAR,Americas,SEX,SEX_BTSX,2004,NA,NA,NA,NA,NA,NA,51.3,51.3,NA,NA,NA,2013-06-11T14:15:34+02:00,2004,2004-01-01T00:00:00+01:00,2004-12-31T00:00:00+01:00,Guatemala,"Age-standardized death rates, violence, per 100,000",EN,Sex
1905444,SA_0000001455,COUNTRY,NIU,WPR,YEAR,Western Pacific,SEX,SEX_FMLE,2004,NA,NA,NA,NA,NA,NA,0.0,0,NA,NA,NA,2013-06-11T14:15:34+02:00,2004,2004-01-01T00:00:00+01:00,2004-12-31T00:00:00+01:00,Niue,"Age-standardized death rates, violence, per 100,000",EN,Sex
7300453,SA_0000001455,COUNTRY,MLI,AFR,YEAR,Africa,SEX,SEX_MLE,2004,NA,NA,NA,NA,NA,NA,41.6,41.6,NA,NA,NA,2013-06-11T14:15:34+02:00,2004,2004-01-01T00:00:00+01:00,2004-12-31T00:00:00+01:00,Mali,"Age-standardized death rates, violence, per 100,000",EN,Sex
5930088,SA_0000001455,COUNTRY,JPN,WPR,YEAR,Western Pacific,NA,NA,2002,NA,NA,NA,NA,NA,NA,0.58,0.58,NA,NA,NA,2013-06-11T14:15:34+02:00,2002,2002-01-01T00:00:00+01:00,2002-12-31T00:00:00+01:00,Japan,"Age-standardized death rates, violence, per 100,000",EN,NA
4075349,SA_0000001455,COUNTRY,ISR,EUR,YEAR,Europe,SEX,SEX_FMLE,2004,NA,NA,NA,NA,NA,NA,0.1,0.1,NA,NA,NA,2013-06-11T14:15:34+02:00,2004,2004-01-01T00:00:00+01:00,2004-12-31T00:00:00+01:00,Israel,"Age-standardized death rates, violence, per 100,000",EN,Sex
4751222,SA_0000001455,COUNTRY,BHS,AMR,YEAR,Americas,SEX,SEX_FMLE,2004,NA,NA,NA,NA,NA,NA,0.0,0,NA,NA,NA,2013-06-11T14:15:34+02:00,2004,2004-01-01T00:00:00+01:00,2004-12-31T00:00:00+01:00,Bahamas,"Age-standardized death rates, violence, per 100,000",EN,Sex
1562730,SA_0000001455,COUNTRY,ESP,EUR,YEAR,Europe,SEX,SEX_FMLE,2004,NA,NA,NA,NA,NA,NA,0.2,0.2,NA,NA,NA,2013-06-11T14:15:34+02:00,2004,2004-01-01T00:00:00+01:00,2004-12-31T00:00:00+01:00,Spain,"Age-standardized death rates, violence, per 100,000",EN,Sex
1654991,SA_0000001455,COUNTRY,BHR,EMR,YEAR,Eastern Mediterranean,SEX,SEX_MLE,2004,NA,NA,NA,NA,NA,NA,1.3,1.3,NA,NA,NA,2013-06-11T14:15:34+02:00,2004,2004-01-01T00:00:00+01:00,2004-12-31T00:00:00+01:00,Bahrain,"Age-standardized death rates, violence, per 100,000",EN,Sex
3489481,SA_0000001455,COUNTRY,SEN,AFR,YEAR,Africa,SEX,SEX_BTSX,2004,NA,NA,NA,NA,NA,NA,17.2,17.2,NA,NA,NA,2013-06-11T14:15:34+02:00,2004,2004-01-01T00:00:00+01:00,2004-12-31T00:00:00+01:00,Senegal,"Age-standardized death rates, violence, per 100,000",EN,Sex
7831340,SA_0000001455,COUNTRY,VEN,AMR,YEAR,Americas,NA,NA,2002,NA,NA,NA,NA,NA,NA,34.94,34.94,NA,NA,NA,2013-06-11T14:15:34+02:00,2002,2002-01-01T00:00:00+01:00,2002-12-31T00:00:00+01:00,Venezuela (Bolivarian Republic of),"Age-standardized death rates, violence, per 100,000",EN,NA
7261075,SA_0000001455,COUNTRY,TKM,EUR,YEAR,Europe,SEX,SEX_BTSX,2004,NA,NA,NA,NA,NA,NA,9.9,9.9,NA,NA,NA,2013-06-11T14:15:34+02:00,2004,2004-01-01T00:00:00+01:00,2004-12-31T00:00:00+01:00,Turkmenistan,"Age-standardized death rates, violence, per 100,000",EN,Sex
3064662,SA_0000001455,COUNTRY,ARE,EMR,YEAR,Eastern Mediterranean,NA,NA,2002,NA,NA,NA,NA,NA,NA,0.86,0.86,NA,NA,NA,2013-06-11T14:15:34+02:00,2002,2002-01-01T00:00:00+01:00,2002-12-31T00:00:00+01:00,United Arab Emirates,"Age-standardized death rates, violence, per 100,000",EN,NA
8714441,SA_0000001455,COUNTRY,STP,AFR,YEAR,Africa,SEX,SEX_FMLE,2004,NA,NA,NA,NA,NA,NA,0.0,0,NA,NA,NA,2013-06-11T14:15:34+02:00,2004,2004-01-01T00:00:00+01:00,2004-12-31T00:00:00+01:00,Sao Tome and Principe,"Age-standardized death rates, violence, per 100,000",EN,Sex
1747284,SA_0000001455,COUNTRY,GIN,AFR,YEAR,Africa,SEX,SEX_FMLE,2004,NA,NA,NA,NA,NA,NA,0.3,0.3,NA,NA,NA,2013-06-11T14:15:34+02:00,2004,2004-01-01T00:00:00+01:00,2004-12-31T00:00:00+01:00,Guinea,"Age-standardized death rates, violence, per 100,000",EN,Sex
3765821,SA_0000001455,COUNTRY,PLW,WPR,YEAR,Western Pacific,SEX,SEX_FMLE,2004,NA,NA,NA,NA,NA,NA,0.0,0,NA,NA,NA,2013-06-11T14:15:34+02:00,2004,2004-01-01T00:00:00+01:00,2004-12-31T00:00:00+01:00,Palau,"Age-standardized death rates, violence, per 100,000",EN,Sex
5614678,SA_0000001455,COUNTRY,MHL,WPR,YEAR,Western Pacific,SEX,SEX_FMLE,2004,NA,NA,NA,NA,NA,NA,0.0,0,NA,NA,NA,2013-06-11T14:15:34+02:00,2004,2004-01-01T00:00:00+01:00,2004-12-31T00:00:00+01:00,Marshall Islands,"Age-standardized death rates, violence, per 100,000",EN,Sex
4843436,SA_0000001455,COUNTRY,LBR,AFR,YEAR,Africa,SEX,SEX_MLE,2004,NA,NA,NA,NA,NA,NA,37.2,37.2,NA,NA,NA,2013-06-11T14:15:34+02:00,2004,2004-01-01T00:00:00+01:00,2004-12-31T00:00:00+01:00,Liberia,"Age-standardized death rates, violence, per 100,000",EN,Sex
9443983,SA_0000001455,COUNTRY,MLT,EUR,YEAR,Europe,SEX,SEX_BTSX,2004,NA,NA,NA,NA,NA,NA,0.8,0.8,NA,NA,NA,2013-06-11T14:15:34+02:00,2004,2004-01-01T00:00:00+01:00,2004-12-31T00:00:00+01:00,Malta,"Age-standardized death rates, violence, per 100,000",EN,Sex
8149058,SA_0000001455,COUNTRY,SYC,AFR,YEAR,Africa,SEX,SEX_FMLE,2004,NA,NA,NA,NA,NA,NA,0.0,0,NA,NA,NA,2013-06-11T14:15:34+02:00,2004,2004-01-01T00:00:00+01:00,2004-12-31T00:00:00+01:00,Seychelles,"Age-standardized death rates, violence, per 100,000",EN,Sex
4652963,SA_0000001455,COUNTRY,NIC,AMR,YEAR,Americas,NA,NA,2002,NA,NA,NA,NA,NA,NA,13.72,13.72,NA,NA,NA,2013-06-11T14:15:34+02:00,2002,2002-01-01T00:00:00+01:00,2002-12-31T00:00:00+01:00,Nicaragua,"Age-standardized death rates, violence, per 100,000",EN,NA
4929063,SA_0000001455,COUNTRY,QAT,EMR,YEAR,Eastern Mediterranean,NA,NA,2002,NA,NA,NA,NA,NA,NA,1.41,1.41,NA,NA,NA,2013-06-11T14:15:34+02:00,2002,2002-01-01T00:00:00+01:00,2002-12-31T00:00:00+01:00,Qatar,"Age-standardized death rates, violence, per 100,000",EN,NA
2076907,SA_0000001455,COUNTRY,AUS,WPR,YEAR,Western Pacific,NA,NA,2002,NA,NA,NA,NA,NA,NA,1.44,1.44,NA,NA,NA,2013-06-11T14:15:34+02:00,2002,2002-01-01T00:00:00+01:00,2002-12-31T00:00:00+01:00,Australia,"Age-standardized death rates, violence, per 100,000",EN,NA
6662169,SA_0000001455,COUNTRY,CMR,AFR,YEAR,Africa,SEX,SEX_FMLE,2004,NA,NA,NA,NA,NA,NA,0.6,0.6,NA,NA,NA,2013-06-11T14:15:34+02:00,2004,2004-01-01T00:00:00+01:00,2004-12-31T00:00:00+01:00,Cameroon,"Age-standardized death rates, violence, per 100,000",EN,Sex
9543364,SA_0000001455,COUNTRY,CMR,AFR,YEAR,Africa,NA,NA,2002,NA,NA,NA,NA,NA,NA,12.96,12.96,NA,NA,NA,2013-06-11T14:15:34+02:00,2002,2002-01-01T00:00:00+01:00,2002-12-31T00:00:00+01:00,Cameroon,"Age-standardized death rates, violence, per 100,000",EN,NA
8832633,SA_0000001455,COUNTRY,ATG,AMR,YEAR,Americas,SEX,SEX_FMLE,2004,NA,NA,NA,NA,NA,NA,0.0,0,NA,NA,NA,2013-06-11T14:15:34+02:00,2004,2004-01-01T00:00:00+01:00,2004-12-31T00:00:00+01:00,Antigua and Barbuda,"Age-standardized death rates, violence, per 100,000",EN,Sex
1516899,SA_0000001455,COUNTRY,GIN,AFR,YEAR,Africa,NA,NA,2002,NA,NA,NA,NA,NA,NA,29.60,29.6,NA,NA,NA,2013-06-11T14:15:34+02:00,2002,2002-01-01T00:00:00+01:00,2002-12-31T00:00:00+01:00,Guinea,"Age-standardized death rates, violence, per 100,000",EN,NA
5437381,SA_0000001455,COUNTRY,BRB,AMR,YEAR,Americas,SEX,SEX_MLE,2004,NA,NA,NA,NA,NA,NA,24.5,24.5,NA,NA,NA,2013-06-11T14:15:34+02:00,2004,2004-01-01T00:00:00+01:00,2004-12-31T00:00:00+01:00,Barbados,"Age-standardized death rates, violence, per 100,000",EN,Sex
3825466,SA_0000001455,COUNTRY,BRB,AMR,YEAR,Americas,SEX,SEX_FMLE,2004,NA,NA,NA,NA,NA,NA,0.0,0,NA,NA,NA,2013-06-11T14:15:34+02:00,2004,2004-01-01T00:00:00+01:00,2004-12-31T00:00:00+01:00,Barbados,"Age-standardized death rates, violence, per 100,000",EN,Sex
6101729,SA_0000001455,COUNTRY,CHL,AMR,YEAR,Americas,SEX,SEX_MLE,2004,NA,NA,NA,NA,NA,NA,9.7,9.7,NA,NA,NA,2013-06-11T14:15:34+02:00,2004,2004-01-01T00:00:00+01:00,2004-12-31T00:00:00+01:00,Chile,"Age-standardized death rates, violence, per 100,000",EN,Sex
2788355,SA_0000001455,COUNTRY,MAR,EMR,YEAR,Eastern Mediterranean,NA,NA,2002,NA,NA,NA,NA,NA,NA,1.32,1.32,NA,NA,NA,2013-06-11T14:15:34+02:00,2002,2002-01-01T00:00:00+01:00,2002-12-31T00:00:00+01:00,Morocco,"Age-standardized death rates, violence, per 100,000",EN,NA
2972627,SA_0000001455,COUNTRY,DMA,AMR,YEAR,Americas,NA,NA,2002,NA,NA,NA,NA,NA,NA,4.58,4.58,NA,NA,NA,2013-06-11T14:15:34+02:00,2002,2002-01-01T00:00:00+01:00,2002-12-31T00:00:00+01:00,Dominica,"Age-standardized death rates, violence, per 100,000",EN,NA
3535959,SA_0000001455,COUNTRY,FRA,EUR,YEAR,Europe,NA,NA,2002,NA,NA,NA,NA,NA,NA,0.65,0.65,NA,NA,NA,2013-06-11T14:15:34+02:00,2002,2002-01-01T00:00:00+01:00,2002-12-31T00:00:00+01:00,France,"Age-standardized death rates, violence, per 100,000",EN,NA
7063383,SA_0000001455,COUNTRY,THA,SEAR,YEAR,South-East Asia,SEX,SEX_BTSX,2004,NA,NA,NA,NA,NA,NA,6.7,6.7,NA,NA,NA,2013-06-11T14:15:34+02:00,2004,2004-01-01T00:00:00+01:00,2004-12-31T00:00:00+01:00,Thailand,"Age-standardized death rates, violence, per 100,000",EN,Sex
4547781,SA_0000001455,COUNTRY,EGY,EMR,YEAR,Eastern Mediterranean,SEX,SEX_BTSX,2004,NA,NA,NA,NA,NA,NA,1.5,1.5,NA,NA,NA,2013-06-11T14:15:34+02:00,2004,2004-01-01T00:00:00+01:00,2004-12-31T00:00:00+01:00,Egypt,"Age-standardized death rates, violence, per 100,000",EN,Sex
4679436,SA_0000001455,COUNTRY,NER,AFR,YEAR,Africa,NA,NA,2002,NA,NA,NA,NA,NA,NA,19.05,19.05,NA,NA,NA,2013-06-11T14:15:34+02:00,2002,2002-01-01T00:00:00+01:00,2002-12-31T00:00:00+01:00,Niger,"Age-standardized death rates, violence, per 100,000",EN,NA
6365173,SA_0000001455,COUNTRY,SVN,EUR,YEAR,Europe,NA,NA,2002,NA,NA,NA,NA,NA,NA,0.72,0.72,NA,NA,NA,2013-06-11T14:15:34+02:00,2002,2002-01-01T00:00:00+01:00,2002-12-31T00:00:00+01:00,Slovenia,"Age-standardized death rates, violence, per 100,000",EN,NA
3185649,SA_0000001455,COUNTRY,SVN,EUR,YEAR,Europe,SEX,SEX_FMLE,2004,NA,NA,NA,NA,NA,NA,0.0,0,NA,NA,NA,2013-06-11T14:15:34+02:00,2004,2004-01-01T00:00:00+01:00,2004-12-31T00:00:00+01:00,Slovenia,"Age-standardized death rates, violence, per 100,000",EN,Sex
1569587,SA_0000001455,COUNTRY,GRD,AMR,YEAR,Americas,SEX,SEX_MLE,2004,NA,NA,NA,NA,NA,NA,2.7,2.7,NA,NA,NA,2013-06-11T14:15:34+02:00,2004,2004-01-01T00:00:00+01:00,2004-12-31T00:00:00+01:00,Grenada,"Age-standardized death rates, violence, per 100,000",EN,Sex
6675437,SA_0000001455,COUNTRY,GUY,AMR,YEAR,Americas,SEX,SEX_FMLE,2004,NA,NA,NA,NA,NA,NA,0.0,0,NA,NA,NA,2013-06-11T14:15:34+02:00,2004,2004-01-01T00:00:00+01:00,2004-12-31T00:00:00+01:00,Guyana,"Age-standardized death rates, violence, per 100,000",EN,Sex
2018060,SA_0000001455,COUNTRY,MAR,EMR,YEAR,Eastern Mediterranean,SEX,SEX_MLE,2004,NA,NA,NA,NA,NA,NA,2.1,2.1,NA,NA,NA,2013-06-11T14:15:34+02:00,2004,2004-01-01T00:00:00+01:00,2004-12-31T00:00:00+01:00,Morocco,"Age-standardized death rates, violence, per 100,000",EN,Sex
7765776,SA_0000001455,COUNTRY,MHL,WPR,YEAR,Western Pacific,SEX,SEX_BTSX,2004,NA,NA,NA,NA,NA,NA,1.7,1.7,NA,NA,NA,2013-06-11T14:15:34+02:00,2004,2004-01-01T00:00:00+01:00,2004-12-31T00:00:00+01:00,Marshall Islands,"Age-standardized death rates, violence, per 100,000",EN,Sex
3772638,SA_0000001455,COUNTRY,CUB,AMR,YEAR,Americas,SEX,SEX_BTSX,2004,NA,NA,NA,NA,NA,NA,5.6,5.6,NA,NA,NA,2013-06-11T14:15:34+02:00,2004,2004-01-01T00:00:00+01:00,2004-12-31T00:00:00+01:00,Cuba,"Age-standardized death rates, violence, per 100,000",EN,Sex
2880496,SA_0000001455,COUNTRY,BGR,EUR,YEAR,Europe,SEX,SEX_BTSX,2004,NA,NA,NA,NA,NA,NA,2.7,2.7,NA,NA,NA,2013-06-11T14:15:34+02:00,2004,2004-01-01T00:00:00+01:00,2004-12-31T00:00:00+01:00,Bulgaria,"Age-standardized death rates, violence, per 100,000",EN,Sex
1635497,SA_0000001455,COUNTRY,VNM,WPR,YEAR,Western Pacific,SEX,SEX_MLE,2004,NA,NA,NA,NA,NA,NA,6.8,6.8,NA,NA,NA,2013-06-11T14:15:34+02:00,2004,2004-01-01T00:00:00+01:00,2004-12-31T00:00:00+01:00,Viet Nam,"Age-standardized death rates, violence, per 100,000",EN,Sex
4330611,SA_0000001455,COUNTRY,CHN,WPR,YEAR,Western Pacific,SEX,SEX_MLE,2004,NA,NA,NA,NA,NA,NA,2.8,2.8,NA,NA,NA,2013-06-11T14:15:34+02:00,2004,2004-01-01T00:00:00+01:00,2004-12-31T00:00:00+01:00,China,"Age-standardized death rates, violence, per 100,000",EN,Sex
3851992,SA_0000001455,COUNTRY,AGO,AFR,YEAR,Africa,SEX,SEX_FMLE,2004,NA,NA,NA,NA,NA,NA,1.0,1,NA,NA,NA,2013-06-11T14:15:34+02:00,2004,2004-01-01T00:00:00+01:00,2004-12-31T00:00:00+01:00,Angola,"Age-standardized death rates, violence, per 100,000",EN,Sex
8053420,SA_0000001455,COUNTRY,SLB,WPR,YEAR,Western Pacific,NA,NA,2002,NA,NA,NA,NA,NA,NA,1.47,1.47,NA,NA,NA,2013-06-11T14:15:34+02:00,2002,2002-01-01T00:00:00+01:00,2002-12-31T00:00:00+01:00,Solomon Islands,"Age-standardized death rates, violence, per 100,000",EN,NA
6668921,SA_0000001455,COUNTRY,TUR,EUR,YEAR,Europe,NA,NA,2002,NA,NA,NA,NA,NA,NA,3.67,3.67,NA,NA,NA,2013-06-11T14:15:34+02:00,2002,2002-01-01T00:00:00+01:00,2002-12-31T00:00:00+01:00,Türkiye,"Age-standardized death rates, violence, per 100,000",EN,NA
5411137,SA_0000001455,COUNTRY,USA,AMR,YEAR,Americas,SEX,SEX_FMLE,2004,NA,NA,NA,NA,NA,NA,3.9,3.9,NA,NA,NA,2013-06-11T14:15:34+02:00,2004,2004-01-01T00:00:00+01:00,2004-12-31T00:00:00+01:00,United States of America,"Age-standardized death rates, violence, per 100,000",EN,Sex
5054792,SA_0000001455,COUNTRY,DOM,AMR,YEAR,Americas,SEX,SEX_BTSX,2004,NA,NA,NA,NA,NA,NA,18.6,18.6,NA,NA,NA,2013-06-11T14:15:34+02:00,2004,2004-01-01T00:00:00+01:00,2004-12-31T00:00:00+01:00,Dominican Republic,"Age-standardized death rates, violence, per 100,000",EN,Sex
2235457,SA_0000001455,COUNTRY,TJK,EUR,YEAR,Europe,SEX,SEX_MLE,2004,NA,NA,NA,NA,NA,NA,4.1,4.1,NA,NA,NA,2013-06-11T14:15:34+02:00,2004,2004-01-01T00:00:00+01:00,2004-12-31T00:00:00+01:00,Tajikistan,"Age-standardized death rates, violence, per 100,000",EN,Sex
8681765,SA_0000001455,COUNTRY,BGR,EUR,YEAR,Europe,SEX,SEX_FMLE,2004,NA,NA,NA,NA,NA,NA,0.1,0.1,NA,NA,NA,2013-06-11T14:15:34+02:00,2004,2004-01-01T00:00:00+01:00,2004-12-31T00:00:00+01:00,Bulgaria,"Age-standardized death rates, violence, per 100,000",EN,Sex
9036535,SA_0000001455,COUNTRY,COG,AFR,YEAR,Africa,SEX,SEX_BTSX,2004,NA,NA,NA,NA,NA,NA,23.5,23.5,NA,NA,NA,2013-06-11T14:15:34+02:00,2004,2004-01-01T00:00:00+01:00,2004-12-31T00:00:00+01:00,Congo,"Age-standardized death rates, violence, per 100,000",EN,Sex
6470908,SA_0000001455,COUNTRY,AND,EUR,YEAR,Europe,SEX,SEX_FMLE,2004,NA,NA,NA,NA,NA,NA,0.0,0,NA,NA,NA,2013-06-11T14:15:34+02:00,2004,2004-01-01T00:00:00+01:00,2004-12-31T00:00:00+01:00,Andorra,"Age-standardized death rates, violence, per 100,000",EN,Sex
7489331,SA_0000001455,COUNTRY,KWT,EMR,YEAR,Eastern Mediterranean,NA,NA,2002,NA,NA,NA,NA,NA,NA,1.26,1.26,NA,NA,NA,2013-06-11T14:15:34+02:00,2002,2002-01-01T00:00:00+01:00,2002-12-31T00:00:00+01:00,Kuwait,"Age-standardized death rates, violence, per 100,000",EN,NA
1853139,SA_0000001455,COUNTRY,HTI,AMR,YEAR,Americas,NA,NA,2002,NA,NA,NA,NA,NA,NA,14.56,14.56,NA,NA,NA,2013-06-11T14:15:34+02:00,2002,2002-01-01T00:00:00+01:00,2002-12-31T00:00:00+01:00,Haiti,"Age-standardized death rates, violence, per 100,000",EN,NA
7581807,SA_0000001455,COUNTRY,GBR,EUR,YEAR,Europe,NA,NA,2002,NA,NA,NA,NA,NA,NA,1.15,1.15,NA,NA,NA,2013-06-11T14:15:34+02:00,2002,2002-01-01T00:00:00+01:00,2002-12-31T00:00:00+01:00,United Kingdom of Great Britain and Northern Ireland,"Age-standardized death rates, violence, per 100,000",EN,NA
9365717,SA_0000001455,COUNTRY,IRQ,EMR,YEAR,Eastern Mediterranean,SEX,SEX_BTSX,2004,NA,NA,NA,NA,NA,NA,8.5,8.5,NA,NA,NA,2013-06-11T14:15:34+02:00,2004,2004-01-01T00:00:00+01:00,2004-12-31T00:00:00+01:00,Iraq,"Age-standardized death rates, violence, per 100,000",EN,Sex
1708264,SA_0000001455,COUNTRY,UKR,EUR,YEAR,Europe,SEX,SEX_BTSX,2004,NA,NA,NA,NA,NA,NA,10.6,10.6,NA,NA,NA,2013-06-11T14:15:34+02:00,2004,2004-01-01T00:00:00+01:00,2004-12-31T00:00:00+01:00,Ukraine,"Age-standardized death rates, violence, per 100,000",EN,Sex
1754307,SA_0000001455,COUNTRY,CHN,WPR,YEAR,Western Pacific,SEX,SEX_BTSX,2004,NA,NA,NA,NA,NA,NA,2.1,2.1,NA,NA,NA,2013-06-11T14:15:34+02:00,2004,2004-01-01T00:00:00+01:00,2004-12-31T00:00:00+01:00,China,"Age-standardized death rates, violence, per 100,000",EN,Sex
7346955,SA_0000001455,COUNTRY,ALB,EUR,YEAR,Europe,NA,NA,2002,NA,NA,NA,NA,NA,NA,5.97,5.97,NA,NA,NA,2013-06-11T14:15:34+02:00,2002,2002-01-01T00:00:00+01:00,2002-12-31T00:00:00+01:00,Albania,"Age-standardized death rates, violence, per 100,000",EN,NA
9543687,SA_0000001455,COUNTRY,TTO,AMR,YEAR,Americas,SEX,SEX_BTSX,2004,NA,NA,NA,NA,NA,NA,12.9,12.9,NA,NA,NA,2013-06-11T14:15:34+02:00,2004,2004-01-01T00:00:00+01:00,2004-12-31T00:00:00+01:00,Trinidad and Tobago,"Age-standardized death rates, violence, per 100,000",EN,Sex
2604439,SA_0000001455,COUNTRY,GAB,AFR,YEAR,Africa,NA,NA,2002,NA,NA,NA,NA,NA,NA,11.20,11.2,NA,NA,NA,2013-06-11T14:15:34+02:00,2002,2002-01-01T00:00:00+01:00,2002-12-31T00:00:00+01:00,Gabon,"Age-standardized death rates, violence, per 100,000",EN,NA
6247024,SA_0000001455,COUNTRY,BRA,AMR,YEAR,Americas,SEX,SEX_FMLE,2004,NA,NA,NA,NA,NA,NA,4.8,4.8,NA,NA,NA,2013-06-11T14:15:34+02:00,2004,2004-01-01T00:00:00+01:00,2004-12-31T00:00:00+01:00,Brazil,"Age-standardized death rates, violence, per 100,000",EN,Sex
9391952,SA_0000001455,COUNTRY,KWT,EMR,YEAR,Eastern Mediterranean,SEX,SEX_FMLE,2004,NA,NA,NA,NA,NA,NA,0.0,0,NA,NA,NA,2013-06-11T14:15:34+02:00,2004,2004-01-01T00:00:00+01:00,2004-12-31T00:00:00+01:00,Kuwait,"Age-standardized death rates, violence, per 100,000",EN,Sex
4036461,SA_0000001455,COUNTRY,ERI,AFR,YEAR,Africa,SEX,SEX_MLE,2004,NA,NA,NA,NA,NA,NA,34.6,34.6,NA,NA,NA,2013-06-11T14:15:34+02:00,2004,2004-01-01T00:00:00+01:00,2004-12-31T00:00:00+01:00,Eritrea,"Age-standardized death rates, violence, per 100,000",EN,Sex
3052019,SA_0000001455,COUNTRY,HRV,EUR,YEAR,Europe,SEX,SEX_BTSX,2004,NA,NA,NA,NA,NA,NA,1.6,1.6,NA,NA,NA,2013-06-11T14:15:34+02:00,2004,2004-01-01T00:00:00+01:00,2004-12-31T00:00:00+01:00,Croatia,"Age-standardized death rates, violence, per 100,000",EN,Sex
2011786,SA_0000001455,COUNTRY,GNB,AFR,YEAR,Africa,SEX,SEX_MLE,2004,NA,NA,NA,NA,NA,NA,35.7,35.7,NA,NA,NA,2013-06-11T14:15:34+02:00,2004,2004-01-01T00:00:00+01:00,2004-12-31T00:00:00+01:00,Guinea-Bissau,"Age-standardized death rates, violence, per 100,000",EN,Sex
9095903,SA_0000001455,COUNTRY,CHE,EUR,YEAR,Europe,SEX,SEX_MLE,2004,NA,NA,NA,NA,NA,NA,0.9,0.9,NA,NA,NA,2013-06-11T14:15:34+02:00,2004,2004-01-01T00:00:00+01:00,2004-12-31T00:00:00+01:00,Switzerland,"Age-standardized death rates, violence, per 100,000",EN,Sex
6603153,SA_0000001455,COUNTRY,POL,EUR,YEAR,Europe,SEX,SEX_MLE,2004,NA,NA,NA,NA,NA,NA,2.2,2.2,NA,NA,NA,2013-06-11T14:15:34+02:00,2004,2004-01-01T00:00:00+01:00,2004-12-31T00:00:00+01:00,Poland,"Age-standardized death rates, violence, per 100,000",EN,Sex
3720859,SA_0000001455,COUNTRY,MRT,AFR,YEAR,Africa,SEX,SEX_FMLE,2004,NA,NA,NA,NA,NA,NA,0.1,0.1,NA,NA,NA,2013-06-11T14:15:34+02:00,2004,2004-01-01T00:00:00+01:00,2004-12-31T00:00:00+01:00,Mauritania,"Age-standardized death rates, violence, per 100,000",EN,Sex
9175196,SA_0000001455,COUNTRY,SVK,EUR,YEAR,Europe,NA,NA,2002,NA,NA,NA,NA,NA,NA,2.07,2.07,NA,NA,NA,2013-06-11T14:15:34+02:00,2002,2002-01-01T00:00:00+01:00,2002-12-31T00:00:00+01:00,Slovakia,"Age-standardized death rates, violence, per 100,000",EN,NA
1536921,SA_0000001455,COUNTRY,RUS,EUR,YEAR,Europe,SEX,SEX_BTSX,2004,NA,NA,NA,NA,NA,NA,26.7,26.7,NA,NA,NA,2013-06-11T14:15:34+02:00,2004,2004-01-01T00:00:00+01:00,2004-12-31T00:00:00+01:00,Russian Federation,"Age-standardized death rates, violence, per 100,000",EN,Sex
4023319,SA_0000001455,COUNTRY,NOR,EUR,YEAR,Europe,NA,NA,2002,NA,NA,NA,NA,NA,NA,1.12,1.12,NA,NA,NA,2013-06-11T14:15:34+02:00,2002,2002-01-01T00:00:00+01:00,2002-12-31T00:00:00+01:00,Norway,"Age-standardized death rates, violence, per 100,000",EN,NA
4903216,SA_0000001455,COUNTRY,TJK,EUR,YEAR,Europe,SEX,SEX_FMLE,2004,NA,NA,NA,NA,NA,NA,0.1,0.1,NA,NA,NA,2013-06-11T14:15:34+02:00,2004,2004-01-01T00:00:00+01:00,2004-12-31T00:00:00+01:00,Tajikistan,"Age-standardized death rates, violence, per 100,000",EN,Sex
9411585,SA_0000001455,COUNTRY,MMR,SEAR,YEAR,South-East Asia,SEX,SEX_FMLE,2004,NA,NA,NA,NA,NA,NA,1.1,1.1,NA,NA,NA,2013-06-11T14:15:34+02:00,2004,2004-01-01T00:00:00+01:00,2004-12-31T00:00:00+01:00,Myanmar,"Age-standardized death rates, violence, per 100,000",EN,Sex
8708444,SA_0000001455,COUNTRY,MKD,EUR,YEAR,Europe,SEX,SEX_BTSX,2004,NA,NA,NA,NA,NA,NA,5.1,5.1,NA,NA,NA,2013-06-11T14:15:34+02:00,2004,2004-01-01T00:00:00+01:00,2004-12-31T00:00:00+01:00,North Macedonia,"Age-standardized death rates, violence, per 100,000",EN,Sex
6108759,SA_0000001455,COUNTRY,SAU,EMR,YEAR,Eastern Mediterranean,SEX,SEX_MLE,2004,NA,NA,NA,NA,NA,NA,4.0,4,NA,NA,NA,2013-06-11T14:15:34+02:00,2004,2004-01-01T00:00:00+01:00,2004-12-31T00:00:00+01:00,Saudi Arabia,"Age-standardized death rates, violence, per 100,000",EN,Sex
4482447,SA_0000001455,COUNTRY,HRV,EUR,YEAR,Europe,SEX,SEX_MLE,2004,NA,NA,NA,NA,NA,NA,1.9,1.9,NA,NA,NA,2013-06-11T14:15:34+02:00,2004,2004-01-01T00:00:00+01:00,2004-12-31T00:00:00+01:00,Croatia,"Age-standardized death rates, violence, per 100,000",EN,Sex
1287291,SA_0000001455,COUNTRY,KAZ,EUR,YEAR,Europe,SEX,SEX_MLE,2004,NA,NA,NA,NA,NA,NA,25.0,25,NA,NA,NA,2013-06-11T14:15:34+02:00,2004,2004-01-01T00:00:00+01:00,2004-12-31T00:00:00+01:00,Kazakhstan,"Age-standardized death rates, violence, per 100,000",EN,Sex
2248969,SA_0000001455,COUNTRY,CRI,AMR,YEAR,Americas,SEX,SEX_FMLE,2004,NA,NA,NA,NA,NA,NA,0.0,0,NA,NA,NA,2013-06-11T14:15:34+02:00,2004,2004-01-01T00:00:00+01:00,2004-12-31T00:00:00+01:00,Costa Rica,"Age-standardized death rates, violence, per 100,000",EN,Sex
1491010,SA_0000001455,COUNTRY,ZMB,AFR,YEAR,Africa,SEX,SEX_MLE,2004,NA,NA,NA,NA,NA,NA,51.7,51.7,NA,NA,NA,2013-06-11T14:15:34+02:00,2004,2004-01-01T00:00:00+01:00,2004-12-31T00:00:00+01:00,Zambia,"Age-standardized death rates, violence, per 100,000",EN,Sex
3878824,SA_0000001455,COUNTRY,BFA,AFR,YEAR,Africa,SEX,SEX_BTSX,2004,NA,NA,NA,NA,NA,NA,22.5,22.5,NA,NA,NA,2013-06-11T14:15:34+02:00,2004,2004-01-01T00:00:00+01:00,2004-12-31T00:00:00+01:00,Burkina Faso,"Age-standardized death rates, violence, per 100,000",EN,Sex
8865587,SA_0000001455,COUNTRY,VCT,AMR,YEAR,Americas,SEX,SEX_BTSX,2004,NA,NA,NA,NA,NA,NA,16.6,16.6,NA,NA,NA,2013-06-11T14:15:34+02:00,2004,2004-01-01T00:00:00+01:00,2004-12-31T00:00:00+01:00,Saint Vincent and the Grenadines,"Age-standardized death rates, violence, per 100,000",EN,Sex
6491045,SA_0000001455,COUNTRY,LAO,WPR,YEAR,Western Pacific,SEX,SEX_MLE,2004,NA,NA,NA,NA,NA,NA,9.7,9.7,NA,NA,NA,2013-06-11T14:15:34+02:00,2004,2004-01-01T00:00:00+01:00,2004-12-31T00:00:00+01:00,Lao People's Democratic Republic,"Age-standardized death rates, violence, per 100,000",EN,Sex
4909912,SA_0000001455,COUNTRY,HUN,EUR,YEAR,Europe,SEX,SEX_BTSX,2004,NA,NA,NA,NA,NA,NA,1.9,1.9,NA,NA,NA,2013-06-11T14:15:34+02:00,2004,2004-01-01T00:00:00+01:00,2004-12-31T00:00:00+01:00,Hungary,"Age-standardized death rates, violence, per 100,000",EN,Sex
2295211,SA_0000001455,COUNTRY,MDV,SEAR,YEAR,South-East Asia,SEX,SEX_MLE,2004,NA,NA,NA,NA,NA,NA,1.9,1.9,NA,NA,NA,2013-06-11T14:15:34+02:00,2004,2004-01-01T00:00:00+01:00,2004-12-31T00:00:00+01:00,Maldives,"Age-standardized death rates, violence, per 100,000",EN,Sex
9471093,SA_0000001455,COUNTRY,LKA,SEAR,YEAR,South-East Asia,SEX,SEX_MLE,2004,NA,NA,NA,NA,NA,NA,12.1,12.1,NA,NA,NA,2013-06-11T14:15:34+02:00,2004,2004-01-01T00:00:00+01:00,2004-12-31T00:00:00+01:00,Sri Lanka,"Age-standardized death rates, violence, per 100,000",EN,Sex
8570138,SA_0000001455,COUNTRY,ISL,EUR,YEAR,Europe,NA,NA,2002,NA,NA,NA,NA,NA,NA,0.58,0.58,NA,NA,NA,2013-06-11T14:15:34+02:00,2002,2002-01-01T00:00:00+01:00,2002-12-31T00:00:00+01:00,Iceland,"Age-standardized death rates, violence, per 100,000",EN,NA
9142274,SA_0000001455,COUNTRY,TTO,AMR,YEAR,Americas,SEX,SEX_MLE,2004,NA,NA,NA,NA,NA,NA,19.1,19.1,NA,NA,NA,2013-06-11T14:15:34+02:00,2004,2004-01-01T00:00:00+01:00,2004-12-31T00:00:00+01:00,Trinidad and Tobago,"Age-standardized death rates, violence, per 100,000",EN,Sex
3852433,SA_0000001455,COUNTRY,PRK,SEAR,YEAR,South-East Asia,SEX,SEX_BTSX,2004,NA,NA,NA,NA,NA,NA,18.6,18.6,NA,NA,NA,2013-06-11T14:15:34+02:00,2004,2004-01-01T00:00:00+01:00,2004-12-31T00:00:00+01:00,Democratic People's Republic of Korea,"Age-standardized death rates, violence, per 100,000",EN,Sex
4212803,SA_0000001455,COUNTRY,MNG,WPR,YEAR,Western Pacific,SEX,SEX_FMLE,2004,NA,NA,NA,NA,NA,NA,0.0,0,NA,NA,NA,2013-06-11T14:15:34+02:00,2004,2004-01-01T00:00:00+01:00,2004-12-31T00:00:00+01:00,Mongolia,"Age-standardized death rates, violence, per 100,000",EN,Sex
6405356,SA_0000001455,COUNTRY,TKM,EUR,YEAR,Europe,SEX,SEX_FMLE,2004,NA,NA,NA,NA,NA,NA,0.1,0.1,NA,NA,NA,2013-06-11T14:15:34+02:00,2004,2004-01-01T00:00:00+01:00,2004-12-31T00:00:00+01:00,Turkmenistan,"Age-standardized death rates, violence, per 100,000",EN,Sex
1379378,SA_0000001455,COUNTRY,ZAF,AFR,YEAR,Africa,SEX,SEX_MLE,2004,NA,NA,NA,NA,NA,NA,121.1,121.1,NA,NA,NA,2013-06-11T14:15:34+02:00,2004,2004-01-01T00:00:00+01:00,2004-12-31T00:00:00+01:00,South Africa,"Age-standardized death rates, violence, per 100,000",EN,Sex
7569016,SA_0000001455,COUNTRY,NGA,AFR,YEAR,Africa,NA,NA,2002,NA,NA,NA,NA,NA,NA,28.75,28.75,NA,NA,NA,2013-06-11T14:15:34+02:00,2002,2002-01-01T00:00:00+01:00,2002-12-31T00:00:00+01:00,Nigeria,"Age-standardized death rates, violence, per 100,000",EN,NA
2025021,SA_0000001455,COUNTRY,HTI,AMR,YEAR,Americas,SEX,SEX_BTSX,2004,NA,NA,NA,NA,NA,NA,6.8,6.8,NA,NA,NA,2013-06-11T14:15:34+02:00,2004,2004-01-01T00:00:00+01:00,2004-12-31T00:00:00+01:00,Haiti,"Age-standardized death rates, violence, per 100,000",EN,Sex
6141935,SA_0000001455,COUNTRY,WSM,WPR,YEAR,Western Pacific,SEX,SEX_FMLE,2004,NA,NA,NA,NA,NA,NA,0.0,0,NA,NA,NA,2013-06-11T14:15:34+02:00,2004,2004-01-01T00:00:00+01:00,2004-12-31T00:00:00+01:00,Samoa,"Age-standardized death rates, violence, per 100,000",EN,Sex
1386021,SA_0000001455,COUNTRY,CZE,EUR,YEAR,Europe,SEX,SEX_BTSX,2004,NA,NA,NA,NA,NA,NA,1.2,1.2,NA,NA,NA,2013-06-11T14:15:34+02:00,2004,2004-01-01T00:00:00+01:00,2004-12-31T00:00:00+01:00,Czechia,"Age-standardized death rates, violence, per 100,000",EN,Sex
5305973,SA_0000001455,COUNTRY,GTM,AMR,YEAR,Americas,NA,NA,2002,NA,NA,NA,NA,NA,NA,47.80,47.8,NA,NA,NA,2013-06-11T14:15:34+02:00,2002,2002-01-01T00:00:00+01:00,2002-12-31T00:00:00+01:00,Guatemala,"Age-standardized death rates, violence, per 100,000",EN,NA
8357201,SA_0000001455,COUNTRY,SYR,EMR,YEAR,Eastern Mediterranean,SEX,SEX_BTSX,2004,NA,NA,NA,NA,NA,NA,3.0,3,NA,NA,NA,2013-06-11T14:15:34+02:00,2004,2004-01-01T00:00:00+01:00,2004-12-31T00:00:00+01:00,Syrian Arab Republic,"Age-standardized death rates, violence, per 100,000",EN,Sex
2361398,SA_0000001455,COUNTRY,NZL,WPR,YEAR,Western Pacific,SEX,SEX_BTSX,2004,NA,NA,NA,NA,NA,NA,1.4,1.4,NA,NA,NA,2013-06-11T14:15:34+02:00,2004,2004-01-01T00:00:00+01:00,2004-12-31T00:00:00+01:00,New Zealand,"Age-standardized death rates, violence, per 100,000",EN,Sex
7516239,SA_0000001455,COUNTRY,GUY,AMR,YEAR,Americas,NA,NA,2002,NA,NA,NA,NA,NA,NA,10.55,10.55,NA,NA,NA,2013-06-11T14:15:34+02:00,2002,2002-01-01T00:00:00+01:00,2002-12-31T00:00:00+01:00,Guyana,"Age-standardized death rates, violence, per 100,000",EN,NA
1886604,SA_0000001455,COUNTRY,JOR,EMR,YEAR,Eastern Mediterranean,NA,NA,2002,NA,NA,NA,NA,NA,NA,3.20,3.2,NA,NA,NA,2013-06-11T14:15:34+02:00,2002,2002-01-01T00:00:00+01:00,2002-12-31T00:00:00+01:00,Jordan,"Age-standardized death rates, violence, per 100,000",EN,NA
4128573,SA_0000001455,COUNTRY,ZMB,AFR,YEAR,Africa,SEX,SEX_FMLE,2004,NA,NA,NA,NA,NA,NA,0.5,0.5,NA,NA,NA,2013-06-11T14:15:34+02:00,2004,2004-01-01T00:00:00+01:00,2004-12-31T00:00:00+01:00,Zambia,"Age-standardized death rates, violence, per 100,000",EN,Sex
4134786,SA_0000001455,COUNTRY,ISR,EUR,YEAR,Europe,SEX,SEX_MLE,2004,NA,NA,NA,NA,NA,NA,7.2,7.2,NA,NA,NA,2013-06-11T14:15:34+02:00,2004,2004-01-01T00:00:00+01:00,2004-12-31T00:00:00+01:00,Israel,"Age-standardized death rates, violence, per 100,000",EN,Sex
5970644,SA_0000001455,COUNTRY,ZMB,AFR,YEAR,Africa,NA,NA,2002,NA,NA,NA,NA,NA,NA,5.12,5.12,NA,NA,NA,2013-06-11T14:15:34+02:00,2002,2002-01-01T00:00:00+01:00,2002-12-31T00:00:00+01:00,Zambia,"Age-standardized death rates, violence, per 100,000",EN,NA
8695506,SA_0000001455,COUNTRY,IRN,EMR,YEAR,Eastern Mediterranean,SEX,SEX_BTSX,2004,NA,NA,NA,NA,NA,NA,2.8,2.8,NA,NA,NA,2013-06-11T14:15:34+02:00,2004,2004-01-01T00:00:00+01:00,2004-12-31T00:00:00+01:00,Iran (Islamic Republic of),"Age-standardized death rates, violence, per 100,000",EN,Sex
1359923,SA_0000001455,COUNTRY,DMA,AMR,YEAR,Americas,SEX,SEX_MLE,2004,NA,NA,NA,NA,NA,NA,16.2,16.2,NA,NA,NA,2013-06-11T14:15:34+02:00,2004,2004-01-01T00:00:00+01:00,2004-12-31T00:00:00+01:00,Dominica,"Age-standardized death rates, violence, per 100,000",EN,Sex
7981542,SA_0000001455,COUNTRY,NLD,EUR,YEAR,Europe,SEX,SEX_BTSX,2004,NA,NA,NA,NA,NA,NA,1.2,1.2,NA,NA,NA,2013-06-11T14:15:34+02:00,2004,2004-01-01T00:00:00+01:00,2004-12-31T00:00:00+01:00,Netherlands (Kingdom of the),"Age-standardized death rates, violence, per 100,000",EN,Sex
8576904,SA_0000001455,COUNTRY,AGO,AFR,YEAR,Africa,NA,NA,2002,NA,NA,NA,NA,NA,NA,51.06,51.06,NA,NA,NA,2013-06-11T14:15:34+02:00,2002,2002-01-01T00:00:00+01:00,2002-12-31T00:00:00+01:00,Angola,"Age-standardized death rates, violence, per 100,000",EN,NA
2624650,SA_0000001455,COUNTRY,NIU,WPR,YEAR,Western Pacific,SEX,SEX_BTSX,2004,NA,NA,NA,NA,NA,NA,1.0,1,NA,NA,NA,2013-06-11T14:15:34+02:00,2004,2004-01-01T00:00:00+01:00,2004-12-31T00:00:00+01:00,Niue,"Age-standardized death rates, violence, per 100,000",EN,Sex
3635761,SA_0000001455,COUNTRY,LUX,EUR,YEAR,Europe,SEX,SEX_FMLE,2004,NA,NA,NA,NA,NA,NA,0.0,0,NA,NA,NA,2013-06-11T14:15:34+02:00,2004,2004-01-01T00:00:00+01:00,2004-12-31T00:00:00+01:00,Luxembourg,"Age-standardized death rates, violence, per 100,000",EN,Sex
5530320,SA_0000001455,COUNTRY,EGY,EMR,YEAR,Eastern Mediterranean,NA,NA,2002,NA,NA,NA,NA,NA,NA,1.46,1.46,NA,NA,NA,2013-06-11T14:15:34+02:00,2002,2002-01-01T00:00:00+01:00,2002-12-31T00:00:00+01:00,Egypt,"Age-standardized death rates, violence, per 100,000",EN,NA
4601212,SA_0000001455,COUNTRY,SEN,AFR,YEAR,Africa,SEX,SEX_MLE,2004,NA,NA,NA,NA,NA,NA,27.2,27.2,NA,NA,NA,2013-06-11T14:15:34+02:00,2004,2004-01-01T00:00:00+01:00,2004-12-31T00:00:00+01:00,Senegal,"Age-standardized death rates, violence, per 100,000",EN,Sex
1649401,SA_0000001455,COUNTRY,TZA,AFR,YEAR,Africa,NA,NA,2002,NA,NA,NA,NA,NA,NA,30.11,30.11,NA,NA,NA,2013-06-11T14:15:34+02:00,2002,2002-01-01T00:00:00+01:00,2002-12-31T00:00:00+01:00,United Republic of Tanzania,"Age-standardized death rates, violence, per 100,000",EN,NA
3358938,SA_0000001455,COUNTRY,SLB,WPR,YEAR,Western Pacific,SEX,SEX_BTSX,2004,NA,NA,NA,NA,NA,NA,1.2,1.2,NA,NA,NA,2013-06-11T14:15:34+02:00,2004,2004-01-01T00:00:00+01:00,2004-12-31T00:00:00+01:00,Solomon Islands,"Age-standardized death rates, violence, per 100,000",EN,Sex
8741261,SA_0000001455,COUNTRY,KOR,WPR,YEAR,Western Pacific,SEX,SEX_FMLE,2004,NA,NA,NA,NA,NA,NA,0.5,0.5,NA,NA,NA,2013-06-11T14:15:34+02:00,2004,2004-01-01T00:00:00+01:00,2004-12-31T00:00:00+01:00,Republic of Korea,"Age-standardized death rates, violence, per 100,000",EN,Sex
2591990,SA_0000001455,COUNTRY,CHE,EUR,YEAR,Europe,NA,NA,2002,NA,NA,NA,NA,NA,NA,0.91,0.91,NA,NA,NA,2013-06-11T14:15:34+02:00,2002,2002-01-01T00:00:00+01:00,2002-12-31T00:00:00+01:00,Switzerland,"Age-standardized death rates, violence, per 100,000",EN,NA
2854869,SA_0000001455,COUNTRY,LVA,EUR,YEAR,Europe,SEX,SEX_FMLE,2004,NA,NA,NA,NA,NA,NA,0.1,0.1,NA,NA,NA,2013-06-11T14:15:34+02:00,2004,2004-01-01T00:00:00+01:00,2004-12-31T00:00:00+01:00,Latvia,"Age-standardized death rates, violence, per 100,000",EN,Sex
8439902,SA_0000001455,COUNTRY,SYC,AFR,YEAR,Africa,SEX,SEX_MLE,2004,NA,NA,NA,NA,NA,NA,5.5,5.5,NA,NA,NA,2013-06-11T14:15:34+02:00,2004,2004-01-01T00:00:00+01:00,2004-12-31T00:00:00+01:00,Seychelles,"Age-standardized death rates, violence, per 100,000",EN,Sex
6630063,SA_0000001455,COUNTRY,SGP,WPR,YEAR,Western Pacific,SEX,SEX_FMLE,2004,NA,NA,NA,NA,NA,NA,0.0,0,NA,NA,NA,2013-06-11T14:15:34+02:00,2004,2004-01-01T00:00:00+01:00,2004-12-31T00:00:00+01:00,Singapore,"Age-standardized death rates, violence, per 100,000",EN,Sex
3543330,SA_0000001455,COUNTRY,FJI,WPR,YEAR,Western Pacific,SEX,SEX_BTSX,2004,NA,NA,NA,NA,NA,NA,0.7,0.7,NA,NA,NA,2013-06-11T14:15:34+02:00,2004,2004-01-01T00:00:00+01:00,2004-12-31T00:00:00+01:00,Fiji,"Age-standardized death rates, violence, per 100,000",EN,Sex
2321944,SA_0000001455,COUNTRY,CAF,AFR,YEAR,Africa,SEX,SEX_BTSX,2004,NA,NA,NA,NA,NA,NA,36.0,36,NA,NA,NA,2013-06-11T14:15:34+02:00,2004,2004-01-01T00:00:00+01:00,2004-12-31T00:00:00+01:00,Central African Republic,"Age-standardized death rates, violence, per 100,000",EN,Sex
4076424,SA_0000001455,COUNTRY,KHM,WPR,YEAR,Western Pacific,NA,NA,2002,NA,NA,NA,NA,NA,NA,21.82,21.82,NA,NA,NA,2013-06-11T14:15:34+02:00,2002,2002-01-01T00:00:00+01:00,2002-12-31T00:00:00+01:00,Cambodia,"Age-standardized death rates, violence, per 100,000",EN,NA
8324420,SA_0000001455,COUNTRY,SWZ,AFR,YEAR,Africa,SEX,SEX_BTSX,2004,NA,NA,NA,NA,NA,NA,25.8,25.8,NA,NA,NA,2013-06-11T14:15:34+02:00,2004,2004-01-01T00:00:00+01:00,2004-12-31T00:00:00+01:00,Eswatini,"Age-standardized death rates, violence, per 100,000",EN,Sex
7766591,SA_0000001455,COUNTRY,NAM,AFR,YEAR,Africa,SEX,SEX_FMLE,2004,NA,NA,NA,NA,NA,NA,0.0,0,NA,NA,NA,2013-06-11T14:15:34+02:00,2004,2004-01-01T00:00:00+01:00,2004-12-31T00:00:00+01:00,Namibia,"Age-standardized death rates, violence, per 100,000",EN,Sex
1866992,SA_0000001455,COUNTRY,MHL,WPR,YEAR,Western Pacific,SEX,SEX_MLE,2004,NA,NA,NA,NA,NA,NA,3.3,3.3,NA,NA,NA,2013-06-11T14:15:34+02:00,2004,2004-01-01T00:00:00+01:00,2004-12-31T00:00:00+01:00,Marshall Islands,"Age-standardized death rates, violence, per 100,000",EN,Sex
7687651,SA_0000001455,COUNTRY,MDV,SEAR,YEAR,South-East Asia,SEX,SEX_FMLE,2004,NA,NA,NA,NA,NA,NA,0.0,0,NA,NA,NA,2013-06-11T14:15:34+02:00,2004,2004-01-01T00:00:00+01:00,2004-12-31T00:00:00+01:00,Maldives,"Age-standardized death rates, violence, per 100,000",EN,Sex
6597084,SA_0000001455,COUNTRY,COD,AFR,YEAR,Africa,SEX,SEX_MLE,2004,NA,NA,NA,NA,NA,NA,22.8,22.8,NA,NA,NA,2013-06-11T14:15:34+02:00,2004,2004-01-01T00:00:00+01:00,2004-12-31T00:00:00+01:00,Democratic Republic of the Congo,"Age-standardized death rates, violence, per 100,000",EN,Sex
3503867,SA_0000001455,COUNTRY,DZA,AFR,YEAR,Africa,SEX,SEX_BTSX,2004,NA,NA,NA,NA,NA,NA,9.8,9.8,NA,NA,NA,2013-06-11T14:15:34+02:00,2004,2004-01-01T00:00:00+01:00,2004-12-31T00:00:00+01:00,Algeria,"Age-standardized death rates, violence, per 100,000",EN,Sex
8311424,SA_0000001455,COUNTRY,PRT,EUR,YEAR,Europe,NA,NA,2002,NA,NA,NA,NA,NA,NA,1.31,1.31,NA,NA,NA,2013-06-11T14:15:34+02:00,2002,2002-01-01T00:00:00+01:00,2002-12-31T00:00:00+01:00,Portugal,"Age-standardized death rates, violence, per 100,000",EN,NA
2920915,SA_0000001455,COUNTRY,GNQ,AFR,YEAR,Africa,SEX,SEX_MLE,2004,NA,NA,NA,NA,NA,NA,46.4,46.4,NA,NA,NA,2013-06-11T14:15:34+02:00,2004,2004-01-01T00:00:00+01:00,2004-12-31T00:00:00+01:00,Equatorial Guinea,"Age-standardized death rates, violence, per 100,000",EN,Sex
4667171,SA_0000001455,COUNTRY,KEN,AFR,YEAR,Africa,SEX,SEX_MLE,2004,NA,NA,NA,NA,NA,NA,43.6,43.6,NA,NA,NA,2013-06-11T14:15:34+02:00,2004,2004-01-01T00:00:00+01:00,2004-12-31T00:00:00+01:00,Kenya,"Age-standardized death rates, violence, per 100,000",EN,Sex
3484066,SA_0000001455,COUNTRY,CPV,AFR,YEAR,Africa,NA,NA,2002,NA,NA,NA,NA,NA,NA,2.31,2.31,NA,NA,NA,2013-06-11T14:15:34+02:00,2002,2002-01-01T00:00:00+01:00,2002-12-31T00:00:00+01:00,Cabo Verde,"Age-standardized death rates, violence, per 100,000",EN,NA
2901129,SA_0000001455,COUNTRY,LCA,AMR,YEAR,Americas,NA,NA,2002,NA,NA,NA,NA,NA,NA,7.34,7.34,NA,NA,NA,2013-06-11T14:15:34+02:00,2002,2002-01-01T00:00:00+01:00,2002-12-31T00:00:00+01:00,Saint Lucia,"Age-standardized death rates, violence, per 100,000",EN,NA
6603748,SA_0000001455,COUNTRY,SVK,EUR,YEAR,Europe,SEX,SEX_MLE,2004,NA,NA,NA,NA,NA,NA,2.5,2.5,NA,NA,NA,2013-06-11T14:15:34+02:00,2004,2004-01-01T00:00:00+01:00,2004-12-31T00:00:00+01:00,Slovakia,"Age-standardized death rates, violence, per 100,000",EN,Sex
1735383,SA_0000001455,COUNTRY,GNQ,AFR,YEAR,Africa,SEX,SEX_BTSX,2004,NA,NA,NA,NA,NA,NA,28.3,28.3,NA,NA,NA,2013-06-11T14:15:34+02:00,2004,2004-01-01T00:00:00+01:00,2004-12-31T00:00:00+01:00,Equatorial Guinea,"Age-standardized death rates, violence, per 100,000",EN,Sex
3622753,SA_0000001455,COUNTRY,LBY,EMR,YEAR,Eastern Mediterranean,NA,NA,2002,NA,NA,NA,NA,NA,NA,2.77,2.77,NA,NA,NA,2013-06-11T14:15:34+02:00,2002,2002-01-01T00:00:00+01:00,2002-12-31T00:00:00+01:00,Libya,"Age-standardized death rates, violence, per 100,000",EN,NA
2196678,SA_0000001455,COUNTRY,SVK,EUR,YEAR,Europe,SEX,SEX_FMLE,2004,NA,NA,NA,NA,NA,NA,0.0,0,NA,NA,NA,2013-06-11T14:15:34+02:00,2004,2004-01-01T00:00:00+01:00,2004-12-31T00:00:00+01:00,Slovakia,"Age-standardized death rates, violence, per 100,000",EN,Sex
6023474,SA_0000001455,COUNTRY,GMB,AFR,YEAR,Africa,SEX,SEX_MLE,2004,NA,NA,NA,NA,NA,NA,25.4,25.4,NA,NA,NA,2013-06-11T14:15:34+02:00,2004,2004-01-01T00:00:00+01:00,2004-12-31T00:00:00+01:00,Gambia,"Age-standardized death rates, violence, per 100,000",EN,Sex
3701683,SA_0000001455,COUNTRY,IRL,EUR,YEAR,Europe,SEX,SEX_FMLE,2004,NA,NA,NA,NA,NA,NA,0.0,0,NA,NA,NA,2013-06-11T14:15:34+02:00,2004,2004-01-01T00:00:00+01:00,2004-12-31T00:00:00+01:00,Ireland,"Age-standardized death rates, violence, per 100,000",EN,Sex
4135078,SA_0000001455,COUNTRY,CYP,EUR,YEAR,Europe,SEX,SEX_FMLE,2004,NA,NA,NA,NA,NA,NA,0.0,0,NA,NA,NA,2013-06-11T14:15:34+02:00,2004,2004-01-01T00:00:00+01:00,2004-12-31T00:00:00+01:00,Cyprus,"Age-standardized death rates, violence, per 100,000",EN,Sex
4496174,SA_0000001455,COUNTRY,KNA,AMR,YEAR,Americas,NA,NA,2002,NA,NA,NA,NA,NA,NA,12.08,12.08,NA,NA,NA,2013-06-11T14:15:34+02:00,2002,2002-01-01T00:00:00+01:00,2002-12-31T00:00:00+01:00,Saint Kitts and Nevis,"Age-standardized death rates, violence, per 100,000",EN,NA
6905891,SA_0000001455,COUNTRY,MNG,WPR,YEAR,Western Pacific,NA,NA,2002,NA,NA,NA,NA,NA,NA,3.58,3.58,NA,NA,NA,2013-06-11T14:15:34+02:00,2002,2002-01-01T00:00:00+01:00,2002-12-31T00:00:00+01:00,Mongolia,"Age-standardized death rates, violence, per 100,000",EN,NA
8702431,SA_0000001455,COUNTRY,HND,AMR,YEAR,Americas,SEX,SEX_FMLE,2004,NA,NA,NA,NA,NA,NA,0.2,0.2,NA,NA,NA,2013-06-11T14:15:34+02:00,2004,2004-01-01T00:00:00+01:00,2004-12-31T00:00:00+01:00,Honduras,"Age-standardized death rates, violence, per 100,000",EN,Sex
9392672,SA_0000001455,COUNTRY,BGR,EUR,YEAR,Europe,NA,NA,2002,NA,NA,NA,NA,NA,NA,2.74,2.74,NA,NA,NA,2013-06-11T14:15:34+02:00,2002,2002-01-01T00:00:00+01:00,2002-12-31T00:00:00+01:00,Bulgaria,"Age-standardized death rates, violence, per 100,000",EN,NA
5517665,SA_0000001455,COUNTRY,TUR,EUR,YEAR,Europe,SEX,SEX_BTSX,2004,NA,NA,NA,NA,NA,NA,2.9,2.9,NA,NA,NA,2013-06-11T14:15:34+02:00,2004,2004-01-01T00:00:00+01:00,2004-12-31T00:00:00+01:00,Türkiye,"Age-standardized death rates, violence, per 100,000",EN,Sex
8866114,SA_0000001455,COUNTRY,YEM,EMR,YEAR,Eastern Mediterranean,SEX,SEX_MLE,2004,NA,NA,NA,NA,NA,NA,5.5,5.5,NA,NA,NA,2013-06-11T14:15:34+02:00,2004,2004-01-01T00:00:00+01:00,2004-12-31T00:00:00+01:00,Yemen,"Age-standardized death rates, violence, per 100,000",EN,Sex
8643234,SA_0000001455,COUNTRY,SWE,EUR,YEAR,Europe,SEX,SEX_FMLE,2004,NA,NA,NA,NA,NA,NA,0.0,0,NA,NA,NA,2013-06-11T14:15:34+02:00,2004,2004-01-01T00:00:00+01:00,2004-12-31T00:00:00+01:00,Sweden,"Age-standardized death rates, violence, per 100,000",EN,Sex
9300759,SA_0000001455,COUNTRY,HUN,EUR,YEAR,Europe,NA,NA,2002,NA,NA,NA,NA,NA,NA,2.34,2.34,NA,NA,NA,2013-06-11T14:15:34+02:00,2002,2002-01-01T00:00:00+01:00,2002-12-31T00:00:00+01:00,Hungary,"Age-standardized death rates, violence, per 100,000",EN,NA
5240443,SA_0000001455,COUNTRY,BGD,SEAR,YEAR,South-East Asia,SEX,SEX_BTSX,2004,NA,NA,NA,NA,NA,NA,9.7,9.7,NA,NA,NA,2013-06-11T14:15:34+02:00,2004,2004-01-01T00:00:00+01:00,2004-12-31T00:00:00+01:00,Bangladesh,"Age-standardized death rates, violence, per 100,000",EN,Sex
9103270,SA_0000001455,COUNTRY,KGZ,EUR,YEAR,Europe,SEX,SEX_BTSX,2004,NA,NA,NA,NA,NA,NA,9.8,9.8,NA,NA,NA,2013-06-11T14:15:34+02:00,2004,2004-01-01T00:00:00+01:00,2004-12-31T00:00:00+01:00,Kyrgyzstan,"Age-standardized death rates, violence, per 100,000",EN,Sex
1610105,SA_0000001455,COUNTRY,GNQ,AFR,YEAR,Africa,SEX,SEX_FMLE,2004,NA,NA,NA,NA,NA,NA,0.0,0,NA,NA,NA,2013-06-11T14:15:34+02:00,2004,2004-01-01T00:00:00+01:00,2004-12-31T00:00:00+01:00,Equatorial Guinea,"Age-standardized death rates, violence, per 100,000",EN,Sex
5451719,SA_0000001455,COUNTRY,DEU,EUR,YEAR,Europe,NA,NA,2002,NA,NA,NA,NA,NA,NA,0.71,0.71,NA,NA,NA,2013-06-11T14:15:34+02:00,2002,2002-01-01T00:00:00+01:00,2002-12-31T00:00:00+01:00,Germany,"Age-standardized death rates, violence, per 100,000",EN,NA
5471572,SA_0000001455,COUNTRY,AND,EUR,YEAR,Europe,SEX,SEX_BTSX,2004,NA,NA,NA,NA,NA,NA,0.7,0.7,NA,NA,NA,2013-06-11T14:15:34+02:00,2004,2004-01-01T00:00:00+01:00,2004-12-31T00:00:00+01:00,Andorra,"Age-standardized death rates, violence, per 100,000",EN,Sex
2282676,SA_0000001455,COUNTRY,MOZ,AFR,YEAR,Africa,SEX,SEX_BTSX,2004,NA,NA,NA,NA,NA,NA,25.6,25.6,NA,NA,NA,2013-06-11T14:15:34+02:00,2004,2004-01-01T00:00:00+01:00,2004-12-31T00:00:00+01:00,Mozambique,"Age-standardized death rates, violence, per 100,000",EN,Sex
8008190,SA_0000001455,COUNTRY,BTN,SEAR,YEAR,South-East Asia,NA,NA,2002,NA,NA,NA,NA,NA,NA,6.31,6.31,NA,NA,NA,2013-06-11T14:15:34+02:00,2002,2002-01-01T00:00:00+01:00,2002-12-31T00:00:00+01:00,Bhutan,"Age-standardized death rates, violence, per 100,000",EN,NA
5911935,SA_0000001455,COUNTRY,SEN,AFR,YEAR,Africa,NA,NA,2002,NA,NA,NA,NA,NA,NA,13.26,13.26,NA,NA,NA,2013-06-11T14:15:34+02:00,2002,2002-01-01T00:00:00+01:00,2002-12-31T00:00:00+01:00,Senegal,"Age-standardized death rates, violence, per 100,000",EN,NA
2618515,SA_0000001455,COUNTRY,HRV,EUR,YEAR,Europe,NA,NA,2002,NA,NA,NA,NA,NA,NA,1.70,1.7,NA,NA,NA,2013-06-11T14:15:34+02:00,2002,2002-01-01T00:00:00+01:00,2002-12-31T00:00:00+01:00,Croatia,"Age-standardized death rates, violence, per 100,000",EN,NA
4390809,SA_0000001455,COUNTRY,GRC,EUR,YEAR,Europe,SEX,SEX_FMLE,2004,NA,NA,NA,NA,NA,NA,0.0,0,NA,NA,NA,2013-06-11T14:15:34+02:00,2004,2004-01-01T00:00:00+01:00,2004-12-31T00:00:00+01:00,Greece,"Age-standardized death rates, violence, per 100,000",EN,Sex
8397141,SA_0000001455,COUNTRY,MHL,WPR,YEAR,Western Pacific,NA,NA,2002,NA,NA,NA,NA,NA,NA,1.79,1.79,NA,NA,NA,2013-06-11T14:15:34+02:00,2002,2002-01-01T00:00:00+01:00,2002-12-31T00:00:00+01:00,Marshall Islands,"Age-standardized death rates, violence, per 100,000",EN,NA
1663024,SA_0000001455,COUNTRY,PRY,AMR,YEAR,Americas,SEX,SEX_MLE,2004,NA,NA,NA,NA,NA,NA,35.9,35.9,NA,NA,NA,2013-06-11T14:15:34+02:00,2004,2004-01-01T00:00:00+01:00,2004-12-31T00:00:00+01:00,Paraguay,"Age-standardized death rates, violence, per 100,000",EN,Sex
3899311,SA_0000001455,COUNTRY,JAM,AMR,YEAR,Americas,SEX,SEX_MLE,2004,NA,NA,NA,NA,NA,NA,64.8,64.8,NA,NA,NA,2013-06-11T14:15:34+02:00,2004,2004-01-01T00:00:00+01:00,2004-12-31T00:00:00+01:00,Jamaica,"Age-standardized death rates, violence, per 100,000",EN,Sex
7812996,SA_0000001455,COUNTRY,SWZ,AFR,YEAR,Africa,SEX,SEX_MLE,2004,NA,NA,NA,NA,NA,NA,40.6,40.6,NA,NA,NA,2013-06-11T14:15:34+02:00,2004,2004-01-01T00:00:00+01:00,2004-12-31T00:00:00+01:00,Eswatini,"Age-standardized death rates, violence, per 100,000",EN,Sex
5958047,SA_0000001455,COUNTRY,LCA,AMR,YEAR,Americas,SEX,SEX_FMLE,2004,NA,NA,NA,NA,NA,NA,0.0,0,NA,NA,NA,2013-06-11T14:15:34+02:00,2004,2004-01-01T00:00:00+01:00,2004-12-31T00:00:00+01:00,Saint Lucia,"Age-standardized death rates, violence, per 100,000",EN,Sex
2802812,SA_0000001455,COUNTRY,MNG,WPR,YEAR,Western Pacific,SEX,SEX_BTSX,2004,NA,NA,NA,NA,NA,NA,3.3,3.3,NA,NA,NA,2013-06-11T14:15:34+02:00,2004,2004-01-01T00:00:00+01:00,2004-12-31T00:00:00+01:00,Mongolia,"Age-standardized death rates, violence, per 100,000",EN,Sex
9017836,SA_0000001455,COUNTRY,SDN,EMR,YEAR,Eastern Mediterranean,SEX,SEX_BTSX,2004,NA,NA,NA,NA,NA,NA,31.0,31,NA,NA,NA,2013-06-11T14:15:34+02:00,2004,2004-01-01T00:00:00+01:00,2004-12-31T00:00:00+01:00,Sudan,"Age-standardized death rates, violence, per 100,000",EN,Sex
9083612,SA_0000001455,COUNTRY,MOZ,AFR,YEAR,Africa,NA,NA,2002,NA,NA,NA,NA,NA,NA,11.96,11.96,NA,NA,NA,2013-06-11T14:15:34+02:00,2002,2002-01-01T00:00:00+01:00,2002-12-31T00:00:00+01:00,Mozambique,"Age-standardized death rates, violence, per 100,000",EN,NA
6063411,SA_0000001455,COUNTRY,BTN,SEAR,YEAR,South-East Asia,SEX,SEX_BTSX,2004,NA,NA,NA,NA,NA,NA,5.7,5.7,NA,NA,NA,2013-06-11T14:15:34+02:00,2004,2004-01-01T00:00:00+01:00,2004-12-31T00:00:00+01:00,Bhutan,"Age-standardized death rates, violence, per 100,000",EN,Sex
1537832,SA_0000001455,COUNTRY,CAN,AMR,YEAR,Americas,SEX,SEX_MLE,2004,NA,NA,NA,NA,NA,NA,2.0,2,NA,NA,NA,2013-06-11T14:15:34+02:00,2004,2004-01-01T00:00:00+01:00,2004-12-31T00:00:00+01:00,Canada,"Age-standardized death rates, violence, per 100,000",EN,Sex
6992009,SA_0000001455,COUNTRY,ETH,AFR,YEAR,Africa,SEX,SEX_FMLE,2004,NA,NA,NA,NA,NA,NA,2.6,2.6,NA,NA,NA,2013-06-11T14:15:34+02:00,2004,2004-01-01T00:00:00+01:00,2004-12-31T00:00:00+01:00,Ethiopia,"Age-standardized death rates, violence, per 100,000",EN,Sex
3859776,SA_0000001455,COUNTRY,GRD,AMR,YEAR,Americas,NA,NA,2002,NA,NA,NA,NA,NA,NA,4.57,4.57,NA,NA,NA,2013-06-11T14:15:34+02:00,2002,2002-01-01T00:00:00+01:00,2002-12-31T00:00:00+01:00,Grenada,"Age-standardized death rates, violence, per 100,000",EN,NA
2519794,SA_0000001455,COUNTRY,OMN,EMR,YEAR,Eastern Mediterranean,SEX,SEX_BTSX,2004,NA,NA,NA,NA,NA,NA,2.0,2,NA,NA,NA,2013-06-11T14:15:34+02:00,2004,2004-01-01T00:00:00+01:00,2004-12-31T00:00:00+01:00,Oman,"Age-standardized death rates, violence, per 100,000",EN,Sex
5273732,SA_0000001455,COUNTRY,BRN,WPR,YEAR,Western Pacific,NA,NA,2002,NA,NA,NA,NA,NA,NA,1.20,1.2,NA,NA,NA,2013-06-11T14:15:34+02:00,2002,2002-01-01T00:00:00+01:00,2002-12-31T00:00:00+01:00,Brunei Darussalam,"Age-standardized death rates, violence, per 100,000",EN,NA
3715203,SA_0000001455,COUNTRY,MLT,EUR,YEAR,Europe,SEX,SEX_FMLE,2004,NA,NA,NA,NA,NA,NA,0.0,0,NA,NA,NA,2013-06-11T14:15:34+02:00,2004,2004-01-01T00:00:00+01:00,2004-12-31T00:00:00+01:00,Malta,"Age-standardized death rates, violence, per 100,000",EN,Sex
2526470,SA_0000001455,COUNTRY,MUS,AFR,YEAR,Africa,SEX,SEX_FMLE,2004,NA,NA,NA,NA,NA,NA,0.0,0,NA,NA,NA,2013-06-11T14:15:34+02:00,2004,2004-01-01T00:00:00+01:00,2004-12-31T00:00:00+01:00,Mauritius,"Age-standardized death rates, violence, per 100,000",EN,Sex
5418936,SA_0000001455,COUNTRY,YEM,EMR,YEAR,Eastern Mediterranean,SEX,SEX_FMLE,2004,NA,NA,NA,NA,NA,NA,0.1,0.1,NA,NA,NA,2013-06-11T14:15:34+02:00,2004,2004-01-01T00:00:00+01:00,2004-12-31T00:00:00+01:00,Yemen,"Age-standardized death rates, violence, per 100,000",EN,Sex
5478348,SA_0000001455,COUNTRY,BRB,AMR,YEAR,Americas,NA,NA,2002,NA,NA,NA,NA,NA,NA,7.63,7.63,NA,NA,NA,2013-06-11T14:15:34+02:00,2002,2002-01-01T00:00:00+01:00,2002-12-31T00:00:00+01:00,Barbados,"Age-standardized death rates, violence, per 100,000",EN,NA
6083319,SA_0000001455,COUNTRY,BFA,AFR,YEAR,Africa,NA,NA,2002,NA,NA,NA,NA,NA,NA,17.13,17.13,NA,NA,NA,2013-06-11T14:15:34+02:00,2002,2002-01-01T00:00:00+01:00,2002-12-31T00:00:00+01:00,Burkina Faso,"Age-standardized death rates, violence, per 100,000",EN,NA
6452318,SA_0000001455,COUNTRY,CPV,AFR,YEAR,Africa,SEX,SEX_BTSX,2004,NA,NA,NA,NA,NA,NA,12.1,12.1,NA,NA,NA,2013-06-11T14:15:34+02:00,2004,2004-01-01T00:00:00+01:00,2004-12-31T00:00:00+01:00,Cabo Verde,"Age-standardized death rates, violence, per 100,000",EN,Sex
5333140,SA_0000001455,COUNTRY,USA,AMR,YEAR,Americas,SEX,SEX_MLE,2004,NA,NA,NA,NA,NA,NA,9.6,9.6,NA,NA,NA,2013-06-11T14:15:34+02:00,2004,2004-01-01T00:00:00+01:00,2004-12-31T00:00:00+01:00,United States of America,"Age-standardized death rates, violence, per 100,000",EN,Sex
3998315,SA_0000001455,COUNTRY,CMR,AFR,YEAR,Africa,SEX,SEX_MLE,2004,NA,NA,NA,NA,NA,NA,30.2,30.2,NA,NA,NA,2013-06-11T14:15:34+02:00,2004,2004-01-01T00:00:00+01:00,2004-12-31T00:00:00+01:00,Cameroon,"Age-standardized death rates, violence, per 100,000",EN,Sex
4187434,SA_0000001455,COUNTRY,TON,WPR,YEAR,Western Pacific,SEX,SEX_BTSX,2004,NA,NA,NA,NA,NA,NA,0.6,0.6,NA,NA,NA,2013-06-11T14:15:34+02:00,2004,2004-01-01T00:00:00+01:00,2004-12-31T00:00:00+01:00,Tonga,"Age-standardized death rates, violence, per 100,000",EN,Sex
4555742,SA_0000001455,COUNTRY,TZA,AFR,YEAR,Africa,SEX,SEX_FMLE,2004,NA,NA,NA,NA,NA,NA,1.6,1.6,NA,NA,NA,2013-06-11T14:15:34+02:00,2004,2004-01-01T00:00:00+01:00,2004-12-31T00:00:00+01:00,United Republic of Tanzania,"Age-standardized death rates, violence, per 100,000",EN,Sex
6788859,SA_0000001455,COUNTRY,NLD,EUR,YEAR,Europe,SEX,SEX_MLE,2004,NA,NA,NA,NA,NA,NA,1.7,1.7,NA,NA,NA,2013-06-11T14:15:34+02:00,2004,2004-01-01T00:00:00+01:00,2004-12-31T00:00:00+01:00,Netherlands (Kingdom of the),"Age-standardized death rates, violence, per 100,000",EN,Sex
3432115,SA_0000001455,COUNTRY,AUT,EUR,YEAR,Europe,NA,NA,2002,NA,NA,NA,NA,NA,NA,0.91,0.91,NA,NA,NA,2013-06-11T14:15:34+02:00,2002,2002-01-01T00:00:00+01:00,2002-12-31T00:00:00+01:00,Austria,"Age-standardized death rates, violence, per 100,000",EN,NA
1880746,SA_0000001455,COUNTRY,SLE,AFR,YEAR,Africa,SEX,SEX_FMLE,2004,NA,NA,NA,NA,NA,NA,0.3,0.3,NA,NA,NA,2013-06-11T14:15:34+02:00,2004,2004-01-01T00:00:00+01:00,2004-12-31T00:00:00+01:00,Sierra Leone,"Age-standardized death rates, violence, per 100,000",EN,Sex
2743716,SA_0000001455,COUNTRY,MCO,EUR,YEAR,Europe,SEX,SEX_BTSX,2004,NA,NA,NA,NA,NA,NA,0.9,0.9,NA,NA,NA,2013-06-11T14:15:34+02:00,2004,2004-01-01T00:00:00+01:00,2004-12-31T00:00:00+01:00,Monaco,"Age-standardized death rates, violence, per 100,000",EN,Sex
1472162,SA_0000001455,COUNTRY,EGY,EMR,YEAR,Eastern Mediterranean,SEX,SEX_FMLE,2004,NA,NA,NA,NA,NA,NA,0.2,0.2,NA,NA,NA,2013-06-11T14:15:34+02:00,2004,2004-01-01T00:00:00+01:00,2004-12-31T00:00:00+01:00,Egypt,"Age-standardized death rates, violence, per 100,000",EN,Sex
4187500,SA_0000001455,COUNTRY,KHM,WPR,YEAR,Western Pacific,SEX,SEX_MLE,2004,NA,NA,NA,NA,NA,NA,39.2,39.2,NA,NA,NA,2013-06-11T14:15:34+02:00,2004,2004-01-01T00:00:00+01:00,2004-12-31T00:00:00+01:00,Cambodia,"Age-standardized death rates, violence, per 100,000",EN,Sex
2993901,SA_0000001455,COUNTRY,MLI,AFR,YEAR,Africa,SEX,SEX_BTSX,2004,NA,NA,NA,NA,NA,NA,23.5,23.5,NA,NA,NA,2013-06-11T14:15:34+02:00,2004,2004-01-01T00:00:00+01:00,2004-12-31T00:00:00+01:00,Mali,"Age-standardized death rates, violence, per 100,000",EN,Sex
8814291,SA_0000001455,COUNTRY,STP,AFR,YEAR,Africa,SEX,SEX_BTSX,2004,NA,NA,NA,NA,NA,NA,6.3,6.3,NA,NA,NA,2013-06-11T14:15:34+02:00,2004,2004-01-01T00:00:00+01:00,2004-12-31T00:00:00+01:00,Sao Tome and Principe,"Age-standardized death rates, violence, per 100,000",EN,Sex
3108044,SA_0000001455,COUNTRY,BHS,AMR,YEAR,Americas,SEX,SEX_MLE,2004,NA,NA,NA,NA,NA,NA,36.4,36.4,NA,NA,NA,2013-06-11T14:15:34+02:00,2004,2004-01-01T00:00:00+01:00,2004-12-31T00:00:00+01:00,Bahamas,"Age-standardized death rates, violence, per 100,000",EN,Sex
4845090,SA_0000001455,COUNTRY,CZE,EUR,YEAR,Europe,SEX,SEX_FMLE,2004,NA,NA,NA,NA,NA,NA,0.0,0,NA,NA,NA,2013-06-11T14:15:34+02:00,2004,2004-01-01T00:00:00+01:00,2004-12-31T00:00:00+01:00,Czechia,"Age-standardized death rates, violence, per 100,000",EN,Sex
8163887,SA_0000001455,COUNTRY,WSM,WPR,YEAR,Western Pacific,NA,NA,2002,NA,NA,NA,NA,NA,NA,1.06,1.06,NA,NA,NA,2013-06-11T14:15:34+02:00,2002,2002-01-01T00:00:00+01:00,2002-12-31T00:00:00+01:00,Samoa,"Age-standardized death rates, violence, per 100,000",EN,NA
1459072,SA_0000001455,COUNTRY,VNM,WPR,YEAR,Western Pacific,NA,NA,2002,NA,NA,NA,NA,NA,NA,4.88,4.88,NA,NA,NA,2013-06-11T14:15:34+02:00,2002,2002-01-01T00:00:00+01:00,2002-12-31T00:00:00+01:00,Viet Nam,"Age-standardized death rates, violence, per 100,000",EN,NA
5056166,SA_0000001455,COUNTRY,DMA,AMR,YEAR,Americas,SEX,SEX_FMLE,2004,NA,NA,NA,NA,NA,NA,0.0,0,NA,NA,NA,2013-06-11T14:15:34+02:00,2004,2004-01-01T00:00:00+01:00,2004-12-31T00:00:00+01:00,Dominica,"Age-standardized death rates, violence, per 100,000",EN,Sex
3623317,SA_0000001455,COUNTRY,IRL,EUR,YEAR,Europe,SEX,SEX_BTSX,2004,NA,NA,NA,NA,NA,NA,0.7,0.7,NA,NA,NA,2013-06-11T14:15:34+02:00,2004,2004-01-01T00:00:00+01:00,2004-12-31T00:00:00+01:00,Ireland,"Age-standardized death rates, violence, per 100,000",EN,Sex
9683147,SA_0000001455,COUNTRY,BEL,EUR,YEAR,Europe,NA,NA,2002,NA,NA,NA,NA,NA,NA,1.68,1.68,NA,NA,NA,2013-06-11T14:15:34+02:00,2002,2002-01-01T00:00:00+01:00,2002-12-31T00:00:00+01:00,Belgium,"Age-standardized death rates, violence, per 100,000",EN,NA
7097895,SA_0000001455,COUNTRY,PAN,AMR,YEAR,Americas,SEX,SEX_BTSX,2004,NA,NA,NA,NA,NA,NA,12.3,12.3,NA,NA,NA,2013-06-11T14:15:34+02:00,2004,2004-01-01T00:00:00+01:00,2004-12-31T00:00:00+01:00,Panama,"Age-standardized death rates, violence, per 100,000",EN,Sex
4404379,SA_0000001455,COUNTRY,KIR,WPR,YEAR,Western Pacific,SEX,SEX_MLE,2004,NA,NA,NA,NA,NA,NA,13.1,13.1,NA,NA,NA,2013-06-11T14:15:34+02:00,2004,2004-01-01T00:00:00+01:00,2004-12-31T00:00:00+01:00,Kiribati,"Age-standardized death rates, violence, per 100,000",EN,Sex
3610091,SA_0000001455,COUNTRY,TLS,SEAR,YEAR,South-East Asia,NA,NA,2002,NA,NA,NA,NA,NA,NA,22.90,22.9,NA,NA,NA,2013-06-11T14:15:34+02:00,2002,2002-01-01T00:00:00+01:00,2002-12-31T00:00:00+01:00,Timor-Leste,"Age-standardized death rates, violence, per 100,000",EN,NA
2750479,SA_0000001455,COUNTRY,CYP,EUR,YEAR,Europe,SEX,SEX_BTSX,2004,NA,NA,NA,NA,NA,NA,0.2,0.2,NA,NA,NA,2013-06-11T14:15:34+02:00,2004,2004-01-01T00:00:00+01:00,2004-12-31T00:00:00+01:00,Cyprus,"Age-standardized death rates, violence, per 100,000",EN,Sex
5273985,SA_0000001455,COUNTRY,TUR,EUR,YEAR,Europe,SEX,SEX_FMLE,2004,NA,NA,NA,NA,NA,NA,0.4,0.4,NA,NA,NA,2013-06-11T14:15:34+02:00,2004,2004-01-01T00:00:00+01:00,2004-12-31T00:00:00+01:00,Türkiye,"Age-standardized death rates, violence, per 100,000",EN,Sex
7045149,SA_0000001455,COUNTRY,GBR,EUR,YEAR,Europe,SEX,SEX_BTSX,2004,NA,NA,NA,NA,NA,NA,2.0,2,NA,NA,NA,2013-06-11T14:15:34+02:00,2004,2004-01-01T00:00:00+01:00,2004-12-31T00:00:00+01:00,United Kingdom of Great Britain and Northern Ireland,"Age-standardized death rates, violence, per 100,000",EN,Sex
7866233,SA_0000001455,COUNTRY,UGA,AFR,YEAR,Africa,SEX,SEX_FMLE,2004,NA,NA,NA,NA,NA,NA,1.3,1.3,NA,NA,NA,2013-06-11T14:15:34+02:00,2004,2004-01-01T00:00:00+01:00,2004-12-31T00:00:00+01:00,Uganda,"Age-standardized death rates, violence, per 100,000",EN,Sex
1367401,SA_0000001455,COUNTRY,ARE,EMR,YEAR,Eastern Mediterranean,SEX,SEX_MLE,2004,NA,NA,NA,NA,NA,NA,0.6,0.6,NA,NA,NA,2013-06-11T14:15:34+02:00,2004,2004-01-01T00:00:00+01:00,2004-12-31T00:00:00+01:00,United Arab Emirates,"Age-standardized death rates, violence, per 100,000",EN,Sex
6723043,SA_0000001455,COUNTRY,CHL,AMR,YEAR,Americas,NA,NA,2002,NA,NA,NA,NA,NA,NA,5.59,5.59,NA,NA,NA,2013-06-11T14:15:34+02:00,2002,2002-01-01T00:00:00+01:00,2002-12-31T00:00:00+01:00,Chile,"Age-standardized death rates, violence, per 100,000",EN,NA
6860344,SA_0000001455,COUNTRY,MNG,WPR,YEAR,Western Pacific,SEX,SEX_MLE,2004,NA,NA,NA,NA,NA,NA,5.9,5.9,NA,NA,NA,2013-06-11T14:15:34+02:00,2004,2004-01-01T00:00:00+01:00,2004-12-31T00:00:00+01:00,Mongolia,"Age-standardized death rates, violence, per 100,000",EN,Sex
6043935,SA_0000001455,COUNTRY,AZE,EUR,YEAR,Europe,SEX,SEX_MLE,2004,NA,NA,NA,NA,NA,NA,4.8,4.8,NA,NA,NA,2013-06-11T14:15:34+02:00,2004,2004-01-01T00:00:00+01:00,2004-12-31T00:00:00+01:00,Azerbaijan,"Age-standardized death rates, violence, per 100,000",EN,Sex
9485365,SA_0000001455,COUNTRY,CHL,AMR,YEAR,Americas,SEX,SEX_BTSX,2004,NA,NA,NA,NA,NA,NA,5.3,5.3,NA,NA,NA,2013-06-11T14:15:34+02:00,2004,2004-01-01T00:00:00+01:00,2004-12-31T00:00:00+01:00,Chile,"Age-standardized death rates, violence, per 100,000",EN,Sex
5115764,SA_0000001455,COUNTRY,FIN,EUR,YEAR,Europe,SEX,SEX_MLE,2004,NA,NA,NA,NA,NA,NA,3.6,3.6,NA,NA,NA,2013-06-11T14:15:34+02:00,2004,2004-01-01T00:00:00+01:00,2004-12-31T00:00:00+01:00,Finland,"Age-standardized death rates, violence, per 100,000",EN,Sex
1887553,SA_0000001455,COUNTRY,LVA,EUR,YEAR,Europe,NA,NA,2002,NA,NA,NA,NA,NA,NA,11.84,11.84,NA,NA,NA,2013-06-11T14:15:34+02:00,2002,2002-01-01T00:00:00+01:00,2002-12-31T00:00:00+01:00,Latvia,"Age-standardized death rates, violence, per 100,000",EN,NA
7609651,SA_0000001455,COUNTRY,AUT,EUR,YEAR,Europe,SEX,SEX_MLE,2004,NA,NA,NA,NA,NA,NA,0.7,0.7,NA,NA,NA,2013-06-11T14:15:34+02:00,2004,2004-01-01T00:00:00+01:00,2004-12-31T00:00:00+01:00,Austria,"Age-standardized death rates, violence, per 100,000",EN,Sex
4562635,SA_0000001455,COUNTRY,CAN,AMR,YEAR,Americas,SEX,SEX_FMLE,2004,NA,NA,NA,NA,NA,NA,0.1,0.1,NA,NA,NA,2013-06-11T14:15:34+02:00,2004,2004-01-01T00:00:00+01:00,2004-12-31T00:00:00+01:00,Canada,"Age-standardized death rates, violence, per 100,000",EN,Sex
4799251,SA_0000001455,COUNTRY,AZE,EUR,YEAR,Europe,SEX,SEX_BTSX,2004,NA,NA,NA,NA,NA,NA,2.9,2.9,NA,NA,NA,2013-06-11T14:15:34+02:00,2004,2004-01-01T00:00:00+01:00,2004-12-31T00:00:00+01:00,Azerbaijan,"Age-standardized death rates, violence, per 100,000",EN,Sex
4865123,SA_0000001455,COUNTRY,COK,WPR,YEAR,Western Pacific,SEX,SEX_MLE,2004,NA,NA,NA,NA,NA,NA,1.6,1.6,NA,NA,NA,2013-06-11T14:15:34+02:00,2004,2004-01-01T00:00:00+01:00,2004-12-31T00:00:00+01:00,Cook Islands,"Age-standardized death rates, violence, per 100,000",EN,Sex
6893428,SA_0000001455,COUNTRY,IRN,EMR,YEAR,Eastern Mediterranean,NA,NA,2002,NA,NA,NA,NA,NA,NA,5.05,5.05,NA,NA,NA,2013-06-11T14:15:34+02:00,2002,2002-01-01T00:00:00+01:00,2002-12-31T00:00:00+01:00,Iran (Islamic Republic of),"Age-standardized death rates, violence, per 100,000",EN,NA
2283240,SA_0000001455,COUNTRY,KGZ,EUR,YEAR,Europe,SEX,SEX_MLE,2004,NA,NA,NA,NA,NA,NA,15.1,15.1,NA,NA,NA,2013-06-11T14:15:34+02:00,2004,2004-01-01T00:00:00+01:00,2004-12-31T00:00:00+01:00,Kyrgyzstan,"Age-standardized death rates, violence, per 100,000",EN,Sex
8571292,SA_0000001455,COUNTRY,HUN,EUR,YEAR,Europe,SEX,SEX_MLE,2004,NA,NA,NA,NA,NA,NA,2.4,2.4,NA,NA,NA,2013-06-11T14:15:34+02:00,2004,2004-01-01T00:00:00+01:00,2004-12-31T00:00:00+01:00,Hungary,"Age-standardized death rates, violence, per 100,000",EN,Sex
4417766,SA_0000001455,COUNTRY,COL,AMR,YEAR,Americas,SEX,SEX_BTSX,2004,NA,NA,NA,NA,NA,NA,81.7,81.7,NA,NA,NA,2013-06-11T14:15:34+02:00,2004,2004-01-01T00:00:00+01:00,2004-12-31T00:00:00+01:00,Colombia,"Age-standardized death rates, violence, per 100,000",EN,Sex
9222339,SA_0000001455,COUNTRY,BTN,SEAR,YEAR,South-East Asia,SEX,SEX_MLE,2004,NA,NA,NA,NA,NA,NA,7.4,7.4,NA,NA,NA,2013-06-11T14:15:34+02:00,2004,2004-01-01T00:00:00+01:00,2004-12-31T00:00:00+01:00,Bhutan,"Age-standardized death rates, violence, per 100,000",EN,Sex
17232,SA_0000001455,COUNTRY,DOM,AMR,YEAR,Americas,SEX,SEX_FMLE,2004,NA,NA,NA,NA,NA,NA,0.2,0.2,NA,NA,NA,2013-06-11T14:15:34+02:00,2004,2004-01-01T00:00:00+01:00,2004-12-31T00:00:00+01:00,Dominican Republic,"Age-standardized death rates, violence, per 100,000",EN,Sex
4779537,SA_0000001455,COUNTRY,TUN,EMR,YEAR,Eastern Mediterranean,NA,NA,2002,NA,NA,NA,NA,NA,NA,2.30,2.3,NA,NA,NA,2013-06-11T14:15:34+02:00,2002,2002-01-01T00:00:00+01:00,2002-12-31T00:00:00+01:00,Tunisia,"Age-standardized death rates, violence, per 100,000",EN,NA
4792740,SA_0000001455,COUNTRY,SLV,AMR,YEAR,Americas,SEX,SEX_BTSX,2004,NA,NA,NA,NA,NA,NA,41.2,41.2,NA,NA,NA,2013-06-11T14:15:34+02:00,2004,2004-01-01T00:00:00+01:00,2004-12-31T00:00:00+01:00,El Salvador,"Age-standardized death rates, violence, per 100,000",EN,Sex
6505446,SA_0000001455,COUNTRY,FSM,WPR,YEAR,Western Pacific,SEX,SEX_MLE,2004,NA,NA,NA,NA,NA,NA,1.5,1.5,NA,NA,NA,2013-06-11T14:15:34+02:00,2004,2004-01-01T00:00:00+01:00,2004-12-31T00:00:00+01:00,Micronesia (Federated States of),"Age-standardized death rates, violence, per 100,000",EN,Sex
3840432,SA_0000001455,COUNTRY,LKA,SEAR,YEAR,South-East Asia,NA,NA,2002,NA,NA,NA,NA,NA,NA,7.81,7.81,NA,NA,NA,2013-06-11T14:15:34+02:00,2002,2002-01-01T00:00:00+01:00,2002-12-31T00:00:00+01:00,Sri Lanka,"Age-standardized death rates, violence, per 100,000",EN,NA
8768483,SA_0000001455,COUNTRY,ECU,AMR,YEAR,Americas,SEX,SEX_FMLE,2004,NA,NA,NA,NA,NA,NA,0.3,0.3,NA,NA,NA,2013-06-11T14:15:34+02:00,2004,2004-01-01T00:00:00+01:00,2004-12-31T00:00:00+01:00,Ecuador,"Age-standardized death rates, violence, per 100,000",EN,Sex
6558353,SA_0000001455,COUNTRY,BEL,EUR,YEAR,Europe,SEX,SEX_FMLE,2004,NA,NA,NA,NA,NA,NA,0.1,0.1,NA,NA,NA,2013-06-11T14:15:34+02:00,2004,2004-01-01T00:00:00+01:00,2004-12-31T00:00:00+01:00,Belgium,"Age-standardized death rates, violence, per 100,000",EN,Sex
5056415,SA_0000001455,COUNTRY,VNM,WPR,YEAR,Western Pacific,SEX,SEX_FMLE,2004,NA,NA,NA,NA,NA,NA,0.7,0.7,NA,NA,NA,2013-06-11T14:15:34+02:00,2004,2004-01-01T00:00:00+01:00,2004-12-31T00:00:00+01:00,Viet Nam,"Age-standardized death rates, violence, per 100,000",EN,Sex
7596545,SA_0000001455,COUNTRY,COL,AMR,YEAR,Americas,SEX,SEX_MLE,2004,NA,NA,NA,NA,NA,NA,155.7,155.7,NA,NA,NA,2013-06-11T14:15:34+02:00,2004,2004-01-01T00:00:00+01:00,2004-12-31T00:00:00+01:00,Colombia,"Age-standardized death rates, violence, per 100,000",EN,Sex
8177376,SA_0000001455,COUNTRY,GUY,AMR,YEAR,Americas,SEX,SEX_MLE,2004,NA,NA,NA,NA,NA,NA,35.5,35.5,NA,NA,NA,2013-06-11T14:15:34+02:00,2004,2004-01-01T00:00:00+01:00,2004-12-31T00:00:00+01:00,Guyana,"Age-standardized death rates, violence, per 100,000",EN,Sex
2651615,SA_0000001455,COUNTRY,SUR,AMR,YEAR,Americas,SEX,SEX_BTSX,2004,NA,NA,NA,NA,NA,NA,12.9,12.9,NA,NA,NA,2013-06-11T14:15:34+02:00,2004,2004-01-01T00:00:00+01:00,2004-12-31T00:00:00+01:00,Suriname,"Age-standardized death rates, violence, per 100,000",EN,Sex
4404644,SA_0000001455,COUNTRY,MKD,EUR,YEAR,Europe,SEX,SEX_FMLE,2004,NA,NA,NA,NA,NA,NA,0.0,0,NA,NA,NA,2013-06-11T14:15:34+02:00,2004,2004-01-01T00:00:00+01:00,2004-12-31T00:00:00+01:00,North Macedonia,"Age-standardized death rates, violence, per 100,000",EN,Sex
2987611,SA_0000001455,COUNTRY,KIR,WPR,YEAR,Western Pacific,NA,NA,2002,NA,NA,NA,NA,NA,NA,7.26,7.26,NA,NA,NA,2013-06-11T14:15:34+02:00,2002,2002-01-01T00:00:00+01:00,2002-12-31T00:00:00+01:00,Kiribati,"Age-standardized death rates, violence, per 100,000",EN,NA
9163399,SA_0000001455,COUNTRY,MOZ,AFR,YEAR,Africa,SEX,SEX_FMLE,2004,NA,NA,NA,NA,NA,NA,0.9,0.9,NA,NA,NA,2013-06-11T14:15:34+02:00,2004,2004-01-01T00:00:00+01:00,2004-12-31T00:00:00+01:00,Mozambique,"Age-standardized death rates, violence, per 100,000",EN,Sex
3524593,SA_0000001455,COUNTRY,TGO,AFR,YEAR,Africa,SEX,SEX_MLE,2004,NA,NA,NA,NA,NA,NA,27.0,27,NA,NA,NA,2013-06-11T14:15:34+02:00,2004,2004-01-01T00:00:00+01:00,2004-12-31T00:00:00+01:00,Togo,"Age-standardized death rates, violence, per 100,000",EN,Sex
3702512,SA_0000001455,COUNTRY,VCT,AMR,YEAR,Americas,NA,NA,2002,NA,NA,NA,NA,NA,NA,14.58,14.58,NA,NA,NA,2013-06-11T14:15:34+02:00,2002,2002-01-01T00:00:00+01:00,2002-12-31T00:00:00+01:00,Saint Vincent and the Grenadines,"Age-standardized death rates, violence, per 100,000",EN,NA
7754367,SA_0000001455,COUNTRY,DJI,EMR,YEAR,Eastern Mediterranean,NA,NA,2002,NA,NA,NA,NA,NA,NA,4.09,4.09,NA,NA,NA,2013-06-11T14:15:34+02:00,2002,2002-01-01T00:00:00+01:00,2002-12-31T00:00:00+01:00,Djibouti,"Age-standardized death rates, violence, per 100,000",EN,NA
4332357,SA_0000001455,COUNTRY,LSO,AFR,YEAR,Africa,SEX,SEX_BTSX,2004,NA,NA,NA,NA,NA,NA,16.2,16.2,NA,NA,NA,2013-06-11T14:15:34+02:00,2004,2004-01-01T00:00:00+01:00,2004-12-31T00:00:00+01:00,Lesotho,"Age-standardized death rates, violence, per 100,000",EN,Sex
4753296,SA_0000001455,COUNTRY,STP,AFR,YEAR,Africa,NA,NA,2002,NA,NA,NA,NA,NA,NA,5.34,5.34,NA,NA,NA,2013-06-11T14:15:34+02:00,2002,2002-01-01T00:00:00+01:00,2002-12-31T00:00:00+01:00,Sao Tome and Principe,"Age-standardized death rates, violence, per 100,000",EN,NA
7355169,SA_0000001455,COUNTRY,CHE,EUR,YEAR,Europe,SEX,SEX_FMLE,2004,NA,NA,NA,NA,NA,NA,0.0,0,NA,NA,NA,2013-06-11T14:15:34+02:00,2004,2004-01-01T00:00:00+01:00,2004-12-31T00:00:00+01:00,Switzerland,"Age-standardized death rates, violence, per 100,000",EN,Sex
4005417,SA_0000001455,COUNTRY,PAN,AMR,YEAR,Americas,SEX,SEX_MLE,2004,NA,NA,NA,NA,NA,NA,22.3,22.3,NA,NA,NA,2013-06-11T14:15:34+02:00,2004,2004-01-01T00:00:00+01:00,2004-12-31T00:00:00+01:00,Panama,"Age-standardized death rates, violence, per 100,000",EN,Sex
4450959,SA_0000001455,COUNTRY,HND,AMR,YEAR,Americas,SEX,SEX_BTSX,2004,NA,NA,NA,NA,NA,NA,26.4,26.4,NA,NA,NA,2013-06-11T14:15:34+02:00,2004,2004-01-01T00:00:00+01:00,2004-12-31T00:00:00+01:00,Honduras,"Age-standardized death rates, violence, per 100,000",EN,Sex
8985425,SA_0000001455,COUNTRY,UKR,EUR,YEAR,Europe,NA,NA,2002,NA,NA,NA,NA,NA,NA,13.92,13.92,NA,NA,NA,2013-06-11T14:15:34+02:00,2002,2002-01-01T00:00:00+01:00,2002-12-31T00:00:00+01:00,Ukraine,"Age-standardized death rates, violence, per 100,000",EN,NA
8500351,SA_0000001455,COUNTRY,TUR,EUR,YEAR,Europe,SEX,SEX_MLE,2004,NA,NA,NA,NA,NA,NA,4.7,4.7,NA,NA,NA,2013-06-11T14:15:34+02:00,2004,2004-01-01T00:00:00+01:00,2004-12-31T00:00:00+01:00,Türkiye,"Age-standardized death rates, violence, per 100,000",EN,Sex
4937633,SA_0000001455,COUNTRY,EST,EUR,YEAR,Europe,SEX,SEX_BTSX,2004,NA,NA,NA,NA,NA,NA,7.7,7.7,NA,NA,NA,2013-06-11T14:15:34+02:00,2004,2004-01-01T00:00:00+01:00,2004-12-31T00:00:00+01:00,Estonia,"Age-standardized death rates, violence, per 100,000",EN,Sex
6880392,SA_0000001455,COUNTRY,BIH,EUR,YEAR,Europe,SEX,SEX_BTSX,2004,NA,NA,NA,NA,NA,NA,1.8,1.8,NA,NA,NA,2013-06-11T14:15:34+02:00,2004,2004-01-01T00:00:00+01:00,2004-12-31T00:00:00+01:00,Bosnia and Herzegovina,"Age-standardized death rates, violence, per 100,000",EN,Sex
9117297,SA_0000001455,COUNTRY,CAF,AFR,YEAR,Africa,SEX,SEX_MLE,2004,NA,NA,NA,NA,NA,NA,62.6,62.6,NA,NA,NA,2013-06-11T14:15:34+02:00,2004,2004-01-01T00:00:00+01:00,2004-12-31T00:00:00+01:00,Central African Republic,"Age-standardized death rates, violence, per 100,000",EN,Sex
2111999,SA_0000001455,COUNTRY,THA,SEAR,YEAR,South-East Asia,SEX,SEX_FMLE,2004,NA,NA,NA,NA,NA,NA,1.0,1,NA,NA,NA,2013-06-11T14:15:34+02:00,2004,2004-01-01T00:00:00+01:00,2004-12-31T00:00:00+01:00,Thailand,"Age-standardized death rates, violence, per 100,000",EN,Sex
7408043,SA_0000001455,COUNTRY,UKR,EUR,YEAR,Europe,SEX,SEX_MLE,2004,NA,NA,NA,NA,NA,NA,15.7,15.7,NA,NA,NA,2013-06-11T14:15:34+02:00,2004,2004-01-01T00:00:00+01:00,2004-12-31T00:00:00+01:00,Ukraine,"Age-standardized death rates, violence, per 100,000",EN,Sex
2513816,SA_0000001455,COUNTRY,GAB,AFR,YEAR,Africa,SEX,SEX_MLE,2004,NA,NA,NA,NA,NA,NA,29.3,29.3,NA,NA,NA,2013-06-11T14:15:34+02:00,2004,2004-01-01T00:00:00+01:00,2004-12-31T00:00:00+01:00,Gabon,"Age-standardized death rates, violence, per 100,000",EN,Sex
6426484,SA_0000001455,COUNTRY,MLT,EUR,YEAR,Europe,NA,NA,2002,NA,NA,NA,NA,NA,NA,1.58,1.58,NA,NA,NA,2013-06-11T14:15:34+02:00,2002,2002-01-01T00:00:00+01:00,2002-12-31T00:00:00+01:00,Malta,"Age-standardized death rates, violence, per 100,000",EN,NA
9268816,SA_0000001455,COUNTRY,BDI,AFR,YEAR,Africa,SEX,SEX_MLE,2004,NA,NA,NA,NA,NA,NA,83.7,83.7,NA,NA,NA,2013-06-11T14:15:34+02:00,2004,2004-01-01T00:00:00+01:00,2004-12-31T00:00:00+01:00,Burundi,"Age-standardized death rates, violence, per 100,000",EN,Sex
5399729,SA_0000001455,COUNTRY,PAK,EMR,YEAR,Eastern Mediterranean,NA,NA,2002,NA,NA,NA,NA,NA,NA,5.61,5.61,NA,NA,NA,2013-06-11T14:15:34+02:00,2002,2002-01-01T00:00:00+01:00,2002-12-31T00:00:00+01:00,Pakistan,"Age-standardized death rates, violence, per 100,000",EN,NA
7361917,SA_0000001455,COUNTRY,BWA,AFR,YEAR,Africa,SEX,SEX_MLE,2004,NA,NA,NA,NA,NA,NA,38.9,38.9,NA,NA,NA,2013-06-11T14:15:34+02:00,2004,2004-01-01T00:00:00+01:00,2004-12-31T00:00:00+01:00,Botswana,"Age-standardized death rates, violence, per 100,000",EN,Sex
4220842,SA_0000001455,COUNTRY,BEN,AFR,YEAR,Africa,NA,NA,2002,NA,NA,NA,NA,NA,NA,12.70,12.7,NA,NA,NA,2013-06-11T14:15:34+02:00,2002,2002-01-01T00:00:00+01:00,2002-12-31T00:00:00+01:00,Benin,"Age-standardized death rates, violence, per 100,000",EN,NA
1334961,SA_0000001455,COUNTRY,CUB,AMR,YEAR,Americas,SEX,SEX_FMLE,2004,NA,NA,NA,NA,NA,NA,0.1,0.1,NA,NA,NA,2013-06-11T14:15:34+02:00,2004,2004-01-01T00:00:00+01:00,2004-12-31T00:00:00+01:00,Cuba,"Age-standardized death rates, violence, per 100,000",EN,Sex
5010348,SA_0000001455,COUNTRY,THA,SEAR,YEAR,South-East Asia,NA,NA,2002,NA,NA,NA,NA,NA,NA,9.09,9.09,NA,NA,NA,2013-06-11T14:15:34+02:00,2002,2002-01-01T00:00:00+01:00,2002-12-31T00:00:00+01:00,Thailand,"Age-standardized death rates, violence, per 100,000",EN,NA
3886895,SA_0000001455,COUNTRY,NPL,SEAR,YEAR,South-East Asia,SEX,SEX_MLE,2004,NA,NA,NA,NA,NA,NA,28.5,28.5,NA,NA,NA,2013-06-11T14:15:34+02:00,2004,2004-01-01T00:00:00+01:00,2004-12-31T00:00:00+01:00,Nepal,"Age-standardized death rates, violence, per 100,000",EN,Sex
4174863,SA_0000001455,COUNTRY,PAK,EMR,YEAR,Eastern Mediterranean,SEX,SEX_MLE,2004,NA,NA,NA,NA,NA,NA,6.1,6.1,NA,NA,NA,2013-06-11T14:15:34+02:00,2004,2004-01-01T00:00:00+01:00,2004-12-31T00:00:00+01:00,Pakistan,"Age-standardized death rates, violence, per 100,000",EN,Sex
8223569,SA_0000001455,COUNTRY,DNK,EUR,YEAR,Europe,SEX,SEX_BTSX,2004,NA,NA,NA,NA,NA,NA,0.9,0.9,NA,NA,NA,2013-06-11T14:15:34+02:00,2004,2004-01-01T00:00:00+01:00,2004-12-31T00:00:00+01:00,Denmark,"Age-standardized death rates, violence, per 100,000",EN,Sex
6439754,SA_0000001455,COUNTRY,CYP,EUR,YEAR,Europe,SEX,SEX_MLE,2004,NA,NA,NA,NA,NA,NA,0.3,0.3,NA,NA,NA,2013-06-11T14:15:34+02:00,2004,2004-01-01T00:00:00+01:00,2004-12-31T00:00:00+01:00,Cyprus,"Age-standardized death rates, violence, per 100,000",EN,Sex
4944412,SA_0000001455,COUNTRY,NAM,AFR,YEAR,Africa,NA,NA,2002,NA,NA,NA,NA,NA,NA,32.62,32.62,NA,NA,NA,2013-06-11T14:15:34+02:00,2002,2002-01-01T00:00:00+01:00,2002-12-31T00:00:00+01:00,Namibia,"Age-standardized death rates, violence, per 100,000",EN,NA
2349631,SA_0000001455,COUNTRY,ZWE,AFR,YEAR,Africa,SEX,SEX_BTSX,2004,NA,NA,NA,NA,NA,NA,37.7,37.7,NA,NA,NA,2013-06-11T14:15:34+02:00,2004,2004-01-01T00:00:00+01:00,2004-12-31T00:00:00+01:00,Zimbabwe,"Age-standardized death rates, violence, per 100,000",EN,Sex
8131481,SA_0000001455,COUNTRY,PRT,EUR,YEAR,Europe,SEX,SEX_BTSX,2004,NA,NA,NA,NA,NA,NA,1.6,1.6,NA,NA,NA,2013-06-11T14:15:34+02:00,2004,2004-01-01T00:00:00+01:00,2004-12-31T00:00:00+01:00,Portugal,"Age-standardized death rates, violence, per 100,000",EN,Sex
7570499,SA_0000001455,COUNTRY,MLI,AFR,YEAR,Africa,SEX,SEX_FMLE,2004,NA,NA,NA,NA,NA,NA,0.4,0.4,NA,NA,NA,2013-06-11T14:15:34+02:00,2004,2004-01-01T00:00:00+01:00,2004-12-31T00:00:00+01:00,Mali,"Age-standardized death rates, violence, per 100,000",EN,Sex
5300876,SA_0000001455,COUNTRY,GAB,AFR,YEAR,Africa,SEX,SEX_FMLE,2004,NA,NA,NA,NA,NA,NA,0.0,0,NA,NA,NA,2013-06-11T14:15:34+02:00,2004,2004-01-01T00:00:00+01:00,2004-12-31T00:00:00+01:00,Gabon,"Age-standardized death rates, violence, per 100,000",EN,Sex
2751027,SA_0000001455,COUNTRY,SYR,EMR,YEAR,Eastern Mediterranean,SEX,SEX_MLE,2004,NA,NA,NA,NA,NA,NA,5.2,5.2,NA,NA,NA,2013-06-11T14:15:34+02:00,2004,2004-01-01T00:00:00+01:00,2004-12-31T00:00:00+01:00,Syrian Arab Republic,"Age-standardized death rates, violence, per 100,000",EN,Sex
6453062,SA_0000001455,COUNTRY,LBY,EMR,YEAR,Eastern Mediterranean,SEX,SEX_FMLE,2004,NA,NA,NA,NA,NA,NA,0.0,0,NA,NA,NA,2013-06-11T14:15:34+02:00,2004,2004-01-01T00:00:00+01:00,2004-12-31T00:00:00+01:00,Libya,"Age-standardized death rates, violence, per 100,000",EN,Sex
7316073,SA_0000001455,COUNTRY,MWI,AFR,YEAR,Africa,SEX,SEX_FMLE,2004,NA,NA,NA,NA,NA,NA,0.4,0.4,NA,NA,NA,2013-06-11T14:15:34+02:00,2004,2004-01-01T00:00:00+01:00,2004-12-31T00:00:00+01:00,Malawi,"Age-standardized death rates, violence, per 100,000",EN,Sex
3676375,SA_0000001455,COUNTRY,USA,AMR,YEAR,Americas,SEX,SEX_BTSX,2004,NA,NA,NA,NA,NA,NA,6.2,6.2,NA,NA,NA,2013-06-11T14:15:34+02:00,2004,2004-01-01T00:00:00+01:00,2004-12-31T00:00:00+01:00,United States of America,"Age-standardized death rates, violence, per 100,000",EN,Sex
4957700,SA_0000001455,COUNTRY,BFA,AFR,YEAR,Africa,SEX,SEX_FMLE,2004,NA,NA,NA,NA,NA,NA,0.5,0.5,NA,NA,NA,2013-06-11T14:15:34+02:00,2004,2004-01-01T00:00:00+01:00,2004-12-31T00:00:00+01:00,Burkina Faso,"Age-standardized death rates, violence, per 100,000",EN,Sex
7969735,SA_0000001455,COUNTRY,CZE,EUR,YEAR,Europe,NA,NA,2002,NA,NA,NA,NA,NA,NA,1.22,1.22,NA,NA,NA,2013-06-11T14:15:34+02:00,2002,2002-01-01T00:00:00+01:00,2002-12-31T00:00:00+01:00,Czechia,"Age-standardized death rates, violence, per 100,000",EN,NA
5558164,SA_0000001455,COUNTRY,VUT,WPR,YEAR,Western Pacific,SEX,SEX_BTSX,2004,NA,NA,NA,NA,NA,NA,1.0,1,NA,NA,NA,2013-06-11T14:15:34+02:00,2004,2004-01-01T00:00:00+01:00,2004-12-31T00:00:00+01:00,Vanuatu,"Age-standardized death rates, violence, per 100,000",EN,Sex
8762324,SA_0000001455,COUNTRY,ISL,EUR,YEAR,Europe,SEX,SEX_FMLE,2004,NA,NA,NA,NA,NA,NA,0.0,0,NA,NA,NA,2013-06-11T14:15:34+02:00,2004,2004-01-01T00:00:00+01:00,2004-12-31T00:00:00+01:00,Iceland,"Age-standardized death rates, violence, per 100,000",EN,Sex
1611182,SA_0000001455,COUNTRY,SLV,AMR,YEAR,Americas,NA,NA,2002,NA,NA,NA,NA,NA,NA,42.39,42.39,NA,NA,NA,2013-06-11T14:15:34+02:00,2002,2002-01-01T00:00:00+01:00,2002-12-31T00:00:00+01:00,El Salvador,"Age-standardized death rates, violence, per 100,000",EN,NA
7917036,SA_0000001455,COUNTRY,PRY,AMR,YEAR,Americas,SEX,SEX_BTSX,2004,NA,NA,NA,NA,NA,NA,19.1,19.1,NA,NA,NA,2013-06-11T14:15:34+02:00,2004,2004-01-01T00:00:00+01:00,2004-12-31T00:00:00+01:00,Paraguay,"Age-standardized death rates, violence, per 100,000",EN,Sex
4194887,SA_0000001455,COUNTRY,AND,EUR,YEAR,Europe,SEX,SEX_MLE,2004,NA,NA,NA,NA,NA,NA,1.1,1.1,NA,NA,NA,2013-06-11T14:15:34+02:00,2004,2004-01-01T00:00:00+01:00,2004-12-31T00:00:00+01:00,Andorra,"Age-standardized death rates, violence, per 100,000",EN,Sex
8723310,SA_0000001455,COUNTRY,ERI,AFR,YEAR,Africa,SEX,SEX_BTSX,2004,NA,NA,NA,NA,NA,NA,20.3,20.3,NA,NA,NA,2013-06-11T14:15:34+02:00,2004,2004-01-01T00:00:00+01:00,2004-12-31T00:00:00+01:00,Eritrea,"Age-standardized death rates, violence, per 100,000",EN,Sex
8283051,SA_0000001455,COUNTRY,ALB,EUR,YEAR,Europe,SEX,SEX_MLE,2004,NA,NA,NA,NA,NA,NA,11.5,11.5,NA,NA,NA,2013-06-11T14:15:34+02:00,2004,2004-01-01T00:00:00+01:00,2004-12-31T00:00:00+01:00,Albania,"Age-standardized death rates, violence, per 100,000",EN,Sex
4530396,SA_0000001455,COUNTRY,IDN,WPR,YEAR,Western Pacific,SEX,SEX_MLE,2004,NA,NA,NA,NA,NA,NA,15.6,15.6,NA,NA,NA,2013-06-11T14:15:34+02:00,2004,2004-01-01T00:00:00+01:00,2004-12-31T00:00:00+01:00,Indonesia,"Age-standardized death rates, violence, per 100,000",EN,Sex
1295662,SA_0000001455,COUNTRY,BHR,EMR,YEAR,Eastern Mediterranean,NA,NA,2002,NA,NA,NA,NA,NA,NA,0.90,0.9,NA,NA,NA,2013-06-11T14:15:34+02:00,2002,2002-01-01T00:00:00+01:00,2002-12-31T00:00:00+01:00,Bahrain,"Age-standardized death rates, violence, per 100,000",EN,NA
6783156,SA_0000001455,COUNTRY,ARM,EUR,YEAR,Europe,SEX,SEX_FMLE,2004,NA,NA,NA,NA,NA,NA,0.0,0,NA,NA,NA,2013-06-11T14:15:34+02:00,2004,2004-01-01T00:00:00+01:00,2004-12-31T00:00:00+01:00,Armenia,"Age-standardized death rates, violence, per 100,000",EN,Sex
6031366,SA_0000001455,COUNTRY,IRQ,EMR,YEAR,Eastern Mediterranean,SEX,SEX_MLE,2004,NA,NA,NA,NA,NA,NA,15.2,15.2,NA,NA,NA,2013-06-11T14:15:34+02:00,2004,2004-01-01T00:00:00+01:00,2004-12-31T00:00:00+01:00,Iraq,"Age-standardized death rates, violence, per 100,000",EN,Sex
1407028,SA_0000001455,COUNTRY,NAM,AFR,YEAR,Africa,SEX,SEX_MLE,2004,NA,NA,NA,NA,NA,NA,26.6,26.6,NA,NA,NA,2013-06-11T14:15:34+02:00,2004,2004-01-01T00:00:00+01:00,2004-12-31T00:00:00+01:00,Namibia,"Age-standardized death rates, violence, per 100,000",EN,Sex
5287886,SA_0000001455,COUNTRY,GNB,AFR,YEAR,Africa,SEX,SEX_FMLE,2004,NA,NA,NA,NA,NA,NA,0.0,0,NA,NA,NA,2013-06-11T14:15:34+02:00,2004,2004-01-01T00:00:00+01:00,2004-12-31T00:00:00+01:00,Guinea-Bissau,"Age-standardized death rates, violence, per 100,000",EN,Sex
9209666,SA_0000001455,COUNTRY,EST,EUR,YEAR,Europe,SEX,SEX_MLE,2004,NA,NA,NA,NA,NA,NA,13.6,13.6,NA,NA,NA,2013-06-11T14:15:34+02:00,2004,2004-01-01T00:00:00+01:00,2004-12-31T00:00:00+01:00,Estonia,"Age-standardized death rates, violence, per 100,000",EN,Sex
9328359,SA_0000001455,COUNTRY,EGY,EMR,YEAR,Eastern Mediterranean,SEX,SEX_MLE,2004,NA,NA,NA,NA,NA,NA,2.3,2.3,NA,NA,NA,2013-06-11T14:15:34+02:00,2004,2004-01-01T00:00:00+01:00,2004-12-31T00:00:00+01:00,Egypt,"Age-standardized death rates, violence, per 100,000",EN,Sex
8223821,SA_0000001455,COUNTRY,PRT,EUR,YEAR,Europe,SEX,SEX_FMLE,2004,NA,NA,NA,NA,NA,NA,0.0,0,NA,NA,NA,2013-06-11T14:15:34+02:00,2004,2004-01-01T00:00:00+01:00,2004-12-31T00:00:00+01:00,Portugal,"Age-standardized death rates, violence, per 100,000",EN,Sex
9065076,SA_0000001455,COUNTRY,MDG,AFR,YEAR,Africa,NA,NA,2002,NA,NA,NA,NA,NA,NA,12.29,12.29,NA,NA,NA,2013-06-11T14:15:34+02:00,2002,2002-01-01T00:00:00+01:00,2002-12-31T00:00:00+01:00,Madagascar,"Age-standardized death rates, violence, per 100,000",EN,NA
1743147,SA_0000001455,COUNTRY,COG,AFR,YEAR,Africa,NA,NA,2002,NA,NA,NA,NA,NA,NA,20.57,20.57,NA,NA,NA,2013-06-11T14:15:34+02:00,2002,2002-01-01T00:00:00+01:00,2002-12-31T00:00:00+01:00,Congo,"Age-standardized death rates, violence, per 100,000",EN,NA
9361240,SA_0000001455,COUNTRY,TKM,EUR,YEAR,Europe,NA,NA,2002,NA,NA,NA,NA,NA,NA,11.47,11.47,NA,NA,NA,2013-06-11T14:15:34+02:00,2002,2002-01-01T00:00:00+01:00,2002-12-31T00:00:00+01:00,Turkmenistan,"Age-standardized death rates, violence, per 100,000",EN,NA
9736843,SA_0000001455,COUNTRY,ARE,EMR,YEAR,Eastern Mediterranean,SEX,SEX_FMLE,2004,NA,NA,NA,NA,NA,NA,0.0,0,NA,NA,NA,2013-06-11T14:15:34+02:00,2004,2004-01-01T00:00:00+01:00,2004-12-31T00:00:00+01:00,United Arab Emirates,"Age-standardized death rates, violence, per 100,000",EN,Sex
7368871,SA_0000001455,COUNTRY,KIR,WPR,YEAR,Western Pacific,SEX,SEX_BTSX,2004,NA,NA,NA,NA,NA,NA,6.5,6.5,NA,NA,NA,2013-06-11T14:15:34+02:00,2004,2004-01-01T00:00:00+01:00,2004-12-31T00:00:00+01:00,Kiribati,"Age-standardized death rates, violence, per 100,000",EN,Sex
2902568,SA_0000001455,COUNTRY,GTM,AMR,YEAR,Americas,SEX,SEX_MLE,2004,NA,NA,NA,NA,NA,NA,96.4,96.4,NA,NA,NA,2013-06-11T14:15:34+02:00,2004,2004-01-01T00:00:00+01:00,2004-12-31T00:00:00+01:00,Guatemala,"Age-standardized death rates, violence, per 100,000",EN,Sex
2751298,SA_0000001455,COUNTRY,PHL,WPR,YEAR,Western Pacific,SEX,SEX_MLE,2004,NA,NA,NA,NA,NA,NA,44.9,44.9,NA,NA,NA,2013-06-11T14:15:34+02:00,2004,2004-01-01T00:00:00+01:00,2004-12-31T00:00:00+01:00,Philippines,"Age-standardized death rates, violence, per 100,000",EN,Sex
2994838,SA_0000001455,COUNTRY,SGP,WPR,YEAR,Western Pacific,SEX,SEX_MLE,2004,NA,NA,NA,NA,NA,NA,1.9,1.9,NA,NA,NA,2013-06-11T14:15:34+02:00,2004,2004-01-01T00:00:00+01:00,2004-12-31T00:00:00+01:00,Singapore,"Age-standardized death rates, violence, per 100,000",EN,Sex
6946939,SA_0000001455,COUNTRY,GEO,EUR,YEAR,Europe,SEX,SEX_BTSX,2004,NA,NA,NA,NA,NA,NA,3.4,3.4,NA,NA,NA,2013-06-11T14:15:34+02:00,2004,2004-01-01T00:00:00+01:00,2004-12-31T00:00:00+01:00,Georgia,"Age-standardized death rates, violence, per 100,000",EN,Sex
9137543,SA_0000001455,COUNTRY,PER,AMR,YEAR,Americas,NA,NA,2002,NA,NA,NA,NA,NA,NA,4.03,4.03,NA,NA,NA,2013-06-11T14:15:34+02:00,2002,2002-01-01T00:00:00+01:00,2002-12-31T00:00:00+01:00,Peru,"Age-standardized death rates, violence, per 100,000",EN,NA
3102346,SA_0000001455,COUNTRY,BRN,WPR,YEAR,Western Pacific,SEX,SEX_BTSX,2004,NA,NA,NA,NA,NA,NA,0.9,0.9,NA,NA,NA,2013-06-11T14:15:34+02:00,2004,2004-01-01T00:00:00+01:00,2004-12-31T00:00:00+01:00,Brunei Darussalam,"Age-standardized death rates, violence, per 100,000",EN,Sex
6150334,SA_0000001455,COUNTRY,UZB,EUR,YEAR,Europe,NA,NA,2002,NA,NA,NA,NA,NA,NA,4.49,4.49,NA,NA,NA,2013-06-11T14:15:34+02:00,2002,2002-01-01T00:00:00+01:00,2002-12-31T00:00:00+01:00,Uzbekistan,"Age-standardized death rates, violence, per 100,000",EN,NA
6913966,SA_0000001455,COUNTRY,GEO,EUR,YEAR,Europe,SEX,SEX_FMLE,2004,NA,NA,NA,NA,NA,NA,0.0,0,NA,NA,NA,2013-06-11T14:15:34+02:00,2004,2004-01-01T00:00:00+01:00,2004-12-31T00:00:00+01:00,Georgia,"Age-standardized death rates, violence, per 100,000",EN,Sex
5479497,SA_0000001455,COUNTRY,IDN,WPR,YEAR,Western Pacific,SEX,SEX_BTSX,2004,NA,NA,NA,NA,NA,NA,9.7,9.7,NA,NA,NA,2013-06-11T14:15:34+02:00,2004,2004-01-01T00:00:00+01:00,2004-12-31T00:00:00+01:00,Indonesia,"Age-standardized death rates, violence, per 100,000",EN,Sex
9269343,SA_0000001455,COUNTRY,TTO,AMR,YEAR,Americas,NA,NA,2002,NA,NA,NA,NA,NA,NA,8.64,8.64,NA,NA,NA,2013-06-11T14:15:34+02:00,2002,2002-01-01T00:00:00+01:00,2002-12-31T00:00:00+01:00,Trinidad and Tobago,"Age-standardized death rates, violence, per 100,000",EN,NA
1723758,SA_0000001455,COUNTRY,ATG,AMR,YEAR,Americas,SEX,SEX_BTSX,2004,NA,NA,NA,NA,NA,NA,7.5,7.5,NA,NA,NA,2013-06-11T14:15:34+02:00,2004,2004-01-01T00:00:00+01:00,2004-12-31T00:00:00+01:00,Antigua and Barbuda,"Age-standardized death rates, violence, per 100,000",EN,Sex
3400261,SA_0000001455,COUNTRY,UZB,EUR,YEAR,Europe,SEX,SEX_FMLE,2004,NA,NA,NA,NA,NA,NA,0.2,0.2,NA,NA,NA,2013-06-11T14:15:34+02:00,2004,2004-01-01T00:00:00+01:00,2004-12-31T00:00:00+01:00,Uzbekistan,"Age-standardized death rates, violence, per 100,000",EN,Sex
8088597,SA_0000001455,COUNTRY,GTM,AMR,YEAR,Americas,SEX,SEX_FMLE,2004,NA,NA,NA,NA,NA,NA,0.6,0.6,NA,NA,NA,2013-06-11T14:15:34+02:00,2004,2004-01-01T00:00:00+01:00,2004-12-31T00:00:00+01:00,Guatemala,"Age-standardized death rates, violence, per 100,000",EN,Sex
18011,SA_0000001455,COUNTRY,MMR,SEAR,YEAR,South-East Asia,SEX,SEX_MLE,2004,NA,NA,NA,NA,NA,NA,28.0,28,NA,NA,NA,2013-06-11T14:15:34+02:00,2004,2004-01-01T00:00:00+01:00,2004-12-31T00:00:00+01:00,Myanmar,"Age-standardized death rates, violence, per 100,000",EN,Sex
4655594,SA_0000001455,COUNTRY,MWI,AFR,YEAR,Africa,SEX,SEX_MLE,2004,NA,NA,NA,NA,NA,NA,42.9,42.9,NA,NA,NA,2013-06-11T14:15:34+02:00,2004,2004-01-01T00:00:00+01:00,2004-12-31T00:00:00+01:00,Malawi,"Age-standardized death rates, violence, per 100,000",EN,Sex
4708407,SA_0000001455,COUNTRY,BWA,AFR,YEAR,Africa,SEX,SEX_FMLE,2004,NA,NA,NA,NA,NA,NA,0.1,0.1,NA,NA,NA,2013-06-11T14:15:34+02:00,2004,2004-01-01T00:00:00+01:00,2004-12-31T00:00:00+01:00,Botswana,"Age-standardized death rates, violence, per 100,000",EN,Sex
3794941,SA_0000001455,COUNTRY,ISL,EUR,YEAR,Europe,SEX,SEX_BTSX,2004,NA,NA,NA,NA,NA,NA,1.0,1,NA,NA,NA,2013-06-11T14:15:34+02:00,2004,2004-01-01T00:00:00+01:00,2004-12-31T00:00:00+01:00,Iceland,"Age-standardized death rates, violence, per 100,000",EN,Sex
3260814,SA_0000001455,COUNTRY,ISR,EUR,YEAR,Europe,SEX,SEX_BTSX,2004,NA,NA,NA,NA,NA,NA,4.9,4.9,NA,NA,NA,2013-06-11T14:15:34+02:00,2004,2004-01-01T00:00:00+01:00,2004-12-31T00:00:00+01:00,Israel,"Age-standardized death rates, violence, per 100,000",EN,Sex
7211067,SA_0000001455,COUNTRY,STP,AFR,YEAR,Africa,SEX,SEX_MLE,2004,NA,NA,NA,NA,NA,NA,9.9,9.9,NA,NA,NA,2013-06-11T14:15:34+02:00,2004,2004-01-01T00:00:00+01:00,2004-12-31T00:00:00+01:00,Sao Tome and Principe,"Age-standardized death rates, violence, per 100,000",EN,Sex
8841873,SA_0000001455,COUNTRY,FJI,WPR,YEAR,Western Pacific,NA,NA,2002,NA,NA,NA,NA,NA,NA,0.86,0.86,NA,NA,NA,2013-06-11T14:15:34+02:00,2002,2002-01-01T00:00:00+01:00,2002-12-31T00:00:00+01:00,Fiji,"Age-standardized death rates, violence, per 100,000",EN,NA
1342145,SA_0000001455,COUNTRY,DNK,EUR,YEAR,Europe,SEX,SEX_FMLE,2004,NA,NA,NA,NA,NA,NA,0.0,0,NA,NA,NA,2013-06-11T14:15:34+02:00,2004,2004-01-01T00:00:00+01:00,2004-12-31T00:00:00+01:00,Denmark,"Age-standardized death rates, violence, per 100,000",EN,Sex
3321095,SA_0000001455,COUNTRY,SDN,EMR,YEAR,Eastern Mediterranean,SEX,SEX_MLE,2004,NA,NA,NA,NA,NA,NA,51.0,51,NA,NA,NA,2013-06-11T14:15:34+02:00,2004,2004-01-01T00:00:00+01:00,2004-12-31T00:00:00+01:00,Sudan,"Age-standardized death rates, violence, per 100,000",EN,Sex
8138586,SA_0000001455,COUNTRY,BDI,AFR,YEAR,Africa,NA,NA,2002,NA,NA,NA,NA,NA,NA,23.44,23.44,NA,NA,NA,2013-06-11T14:15:34+02:00,2002,2002-01-01T00:00:00+01:00,2002-12-31T00:00:00+01:00,Burundi,"Age-standardized death rates, violence, per 100,000",EN,NA
9117974,SA_0000001455,COUNTRY,SOM,EMR,YEAR,Eastern Mediterranean,NA,NA,2002,NA,NA,NA,NA,NA,NA,38.62,38.62,NA,NA,NA,2013-06-11T14:15:34+02:00,2002,2002-01-01T00:00:00+01:00,2002-12-31T00:00:00+01:00,Somalia,"Age-standardized death rates, violence, per 100,000",EN,NA
4273694,SA_0000001455,COUNTRY,LUX,EUR,YEAR,Europe,NA,NA,2002,NA,NA,NA,NA,NA,NA,1.84,1.84,NA,NA,NA,2013-06-11T14:15:34+02:00,2002,2002-01-01T00:00:00+01:00,2002-12-31T00:00:00+01:00,Luxembourg,"Age-standardized death rates, violence, per 100,000",EN,NA
7032991,SA_0000001455,COUNTRY,GHA,AFR,YEAR,Africa,SEX,SEX_FMLE,2004,NA,NA,NA,NA,NA,NA,0.7,0.7,NA,NA,NA,2013-06-11T14:15:34+02:00,2004,2004-01-01T00:00:00+01:00,2004-12-31T00:00:00+01:00,Ghana,"Age-standardized death rates, violence, per 100,000",EN,Sex
4123937,SA_0000001455,COUNTRY,IND,SEAR,YEAR,South-East Asia,SEX,SEX_BTSX,2004,NA,NA,NA,NA,NA,NA,6.5,6.5,NA,NA,NA,2013-06-11T14:15:34+02:00,2004,2004-01-01T00:00:00+01:00,2004-12-31T00:00:00+01:00,India,"Age-standardized death rates, violence, per 100,000",EN,Sex
2942264,SA_0000001455,COUNTRY,LBN,EMR,YEAR,Eastern Mediterranean,SEX,SEX_BTSX,2004,NA,NA,NA,NA,NA,NA,2.7,2.7,NA,NA,NA,2013-06-11T14:15:34+02:00,2004,2004-01-01T00:00:00+01:00,2004-12-31T00:00:00+01:00,Lebanon,"Age-standardized death rates, violence, per 100,000",EN,Sex
4912057,SA_0000001455,COUNTRY,TON,WPR,YEAR,Western Pacific,SEX,SEX_FMLE,2004,NA,NA,NA,NA,NA,NA,0.0,0,NA,NA,NA,2013-06-11T14:15:34+02:00,2004,2004-01-01T00:00:00+01:00,2004-12-31T00:00:00+01:00,Tonga,"Age-standardized death rates, violence, per 100,000",EN,Sex
5985791,SA_0000001455,COUNTRY,ITA,EUR,YEAR,Europe,SEX,SEX_BTSX,2004,NA,NA,NA,NA,NA,NA,0.9,0.9,NA,NA,NA,2013-06-11T14:15:34+02:00,2004,2004-01-01T00:00:00+01:00,2004-12-31T00:00:00+01:00,Italy,"Age-standardized death rates, violence, per 100,000",EN,Sex
2758238,SA_0000001455,COUNTRY,HND,AMR,YEAR,Americas,NA,NA,2002,NA,NA,NA,NA,NA,NA,16.23,16.23,NA,NA,NA,2013-06-11T14:15:34+02:00,2002,2002-01-01T00:00:00+01:00,2002-12-31T00:00:00+01:00,Honduras,"Age-standardized death rates, violence, per 100,000",EN,NA
1572259,SA_0000001455,COUNTRY,BFA,AFR,YEAR,Africa,SEX,SEX_MLE,2004,NA,NA,NA,NA,NA,NA,37.2,37.2,NA,NA,NA,2013-06-11T14:15:34+02:00,2004,2004-01-01T00:00:00+01:00,2004-12-31T00:00:00+01:00,Burkina Faso,"Age-standardized death rates, violence, per 100,000",EN,Sex
5440065,SA_0000001455,COUNTRY,ETH,AFR,YEAR,Africa,SEX,SEX_MLE,2004,NA,NA,NA,NA,NA,NA,43.8,43.8,NA,NA,NA,2013-06-11T14:15:34+02:00,2004,2004-01-01T00:00:00+01:00,2004-12-31T00:00:00+01:00,Ethiopia,"Age-standardized death rates, violence, per 100,000",EN,Sex
7435229,SA_0000001455,COUNTRY,LCA,AMR,YEAR,Americas,SEX,SEX_MLE,2004,NA,NA,NA,NA,NA,NA,39.6,39.6,NA,NA,NA,2013-06-11T14:15:34+02:00,2004,2004-01-01T00:00:00+01:00,2004-12-31T00:00:00+01:00,Saint Lucia,"Age-standardized death rates, violence, per 100,000",EN,Sex
6157211,SA_0000001455,COUNTRY,MEX,AMR,YEAR,Americas,SEX,SEX_MLE,2004,NA,NA,NA,NA,NA,NA,17.8,17.8,NA,NA,NA,2013-06-11T14:15:34+02:00,2004,2004-01-01T00:00:00+01:00,2004-12-31T00:00:00+01:00,Mexico,"Age-standardized death rates, violence, per 100,000",EN,Sex
3194928,SA_0000001455,COUNTRY,LSO,AFR,YEAR,Africa,SEX,SEX_MLE,2004,NA,NA,NA,NA,NA,NA,28.9,28.9,NA,NA,NA,2013-06-11T14:15:34+02:00,2004,2004-01-01T00:00:00+01:00,2004-12-31T00:00:00+01:00,Lesotho,"Age-standardized death rates, violence, per 100,000",EN,Sex
7937313,SA_0000001455,COUNTRY,SVK,EUR,YEAR,Europe,SEX,SEX_BTSX,2004,NA,NA,NA,NA,NA,NA,1.8,1.8,NA,NA,NA,2013-06-11T14:15:34+02:00,2004,2004-01-01T00:00:00+01:00,2004-12-31T00:00:00+01:00,Slovakia,"Age-standardized death rates, violence, per 100,000",EN,Sex
4188771,SA_0000001455,COUNTRY,USA,AMR,YEAR,Americas,NA,NA,2002,NA,NA,NA,NA,NA,NA,5.67,5.67,NA,NA,NA,2013-06-11T14:15:34+02:00,2002,2002-01-01T00:00:00+01:00,2002-12-31T00:00:00+01:00,United States of America,"Age-standardized death rates, violence, per 100,000",EN,NA
4852935,SA_0000001455,COUNTRY,BIH,EUR,YEAR,Europe,SEX,SEX_MLE,2004,NA,NA,NA,NA,NA,NA,2.9,2.9,NA,NA,NA,2013-06-11T14:15:34+02:00,2004,2004-01-01T00:00:00+01:00,2004-12-31T00:00:00+01:00,Bosnia and Herzegovina,"Age-standardized death rates, violence, per 100,000",EN,Sex
1743571,SA_0000001455,COUNTRY,SLE,AFR,YEAR,Africa,NA,NA,2002,NA,NA,NA,NA,NA,NA,60.71,60.71,NA,NA,NA,2013-06-11T14:15:34+02:00,2002,2002-01-01T00:00:00+01:00,2002-12-31T00:00:00+01:00,Sierra Leone,"Age-standardized death rates, violence, per 100,000",EN,NA
9559341,SA_0000001455,COUNTRY,DNK,EUR,YEAR,Europe,NA,NA,2002,NA,NA,NA,NA,NA,NA,1.06,1.06,NA,NA,NA,2013-06-11T14:15:34+02:00,2002,2002-01-01T00:00:00+01:00,2002-12-31T00:00:00+01:00,Denmark,"Age-standardized death rates, violence, per 100,000",EN,NA
5288371,SA_0000001455,COUNTRY,NGA,AFR,YEAR,Africa,SEX,SEX_FMLE,2004,NA,NA,NA,NA,NA,NA,5.3,5.3,NA,NA,NA,2013-06-11T14:15:34+02:00,2004,2004-01-01T00:00:00+01:00,2004-12-31T00:00:00+01:00,Nigeria,"Age-standardized death rates, violence, per 100,000",EN,Sex
2139199,SA_0000001455,COUNTRY,IND,SEAR,YEAR,South-East Asia,SEX,SEX_FMLE,2004,NA,NA,NA,NA,NA,NA,20.3,20.3,NA,NA,NA,2013-06-11T14:15:34+02:00,2004,2004-01-01T00:00:00+01:00,2004-12-31T00:00:00+01:00,India,"Age-standardized death rates, violence, per 100,000",EN,Sex
2020553,SA_0000001455,COUNTRY,IRQ,EMR,YEAR,Eastern Mediterranean,SEX,SEX_FMLE,2004,NA,NA,NA,NA,NA,NA,0.2,0.2,NA,NA,NA,2013-06-11T14:15:34+02:00,2004,2004-01-01T00:00:00+01:00,2004-12-31T00:00:00+01:00,Iraq,"Age-standardized death rates, violence, per 100,000",EN,Sex
5788389,SA_0000001455,COUNTRY,CIV,AFR,YEAR,Africa,NA,NA,2002,NA,NA,NA,NA,NA,NA,33.18,33.18,NA,NA,NA,2013-06-11T14:15:34+02:00,2002,2002-01-01T00:00:00+01:00,2002-12-31T00:00:00+01:00,Cote d'Ivoire,"Age-standardized death rates, violence, per 100,000",EN,NA
8283586,SA_0000001455,COUNTRY,BIH,EUR,YEAR,Europe,SEX,SEX_FMLE,2004,NA,NA,NA,NA,NA,NA,0.0,0,NA,NA,NA,2013-06-11T14:15:34+02:00,2004,2004-01-01T00:00:00+01:00,2004-12-31T00:00:00+01:00,Bosnia and Herzegovina,"Age-standardized death rates, violence, per 100,000",EN,Sex
3321317,SA_0000001455,COUNTRY,MRT,AFR,YEAR,Africa,SEX,SEX_MLE,2004,NA,NA,NA,NA,NA,NA,28.0,28,NA,NA,NA,2013-06-11T14:15:34+02:00,2004,2004-01-01T00:00:00+01:00,2004-12-31T00:00:00+01:00,Mauritania,"Age-standardized death rates, violence, per 100,000",EN,Sex
7630585,SA_0000001455,COUNTRY,KNA,AMR,YEAR,Americas,SEX,SEX_MLE,2004,NA,NA,NA,NA,NA,NA,23.2,23.2,NA,NA,NA,2013-06-11T14:15:34+02:00,2004,2004-01-01T00:00:00+01:00,2004-12-31T00:00:00+01:00,Saint Kitts and Nevis,"Age-standardized death rates, violence, per 100,000",EN,Sex
7904409,SA_0000001455,COUNTRY,FJI,WPR,YEAR,Western Pacific,SEX,SEX_MLE,2004,NA,NA,NA,NA,NA,NA,1.3,1.3,NA,NA,NA,2013-06-11T14:15:34+02:00,2004,2004-01-01T00:00:00+01:00,2004-12-31T00:00:00+01:00,Fiji,"Age-standardized death rates, violence, per 100,000",EN,Sex
2514697,SA_0000001455,COUNTRY,NAM,AFR,YEAR,Africa,SEX,SEX_BTSX,2004,NA,NA,NA,NA,NA,NA,15.8,15.8,NA,NA,NA,2013-06-11T14:15:34+02:00,2004,2004-01-01T00:00:00+01:00,2004-12-31T00:00:00+01:00,Namibia,"Age-standardized death rates, violence, per 100,000",EN,Sex
3214857,SA_0000001455,COUNTRY,LVA,EUR,YEAR,Europe,SEX,SEX_MLE,2004,NA,NA,NA,NA,NA,NA,12.5,12.5,NA,NA,NA,2013-06-11T14:15:34+02:00,2004,2004-01-01T00:00:00+01:00,2004-12-31T00:00:00+01:00,Latvia,"Age-standardized death rates, violence, per 100,000",EN,Sex
4012985,SA_0000001455,COUNTRY,COK,WPR,YEAR,Western Pacific,NA,NA,2002,NA,NA,NA,NA,NA,NA,0.96,0.96,NA,NA,NA,2013-06-11T14:15:34+02:00,2002,2002-01-01T00:00:00+01:00,2002-12-31T00:00:00+01:00,Cook Islands,"Age-standardized death rates, violence, per 100,000",EN,NA
7422106,SA_0000001455,COUNTRY,ARG,AMR,YEAR,Americas,SEX,SEX_MLE,2004,NA,NA,NA,NA,NA,NA,12.1,12.1,NA,NA,NA,2013-06-11T14:15:34+02:00,2004,2004-01-01T00:00:00+01:00,2004-12-31T00:00:00+01:00,Argentina,"Age-standardized death rates, violence, per 100,000",EN,Sex
6012178,SA_0000001455,COUNTRY,BRN,WPR,YEAR,Western Pacific,SEX,SEX_FMLE,2004,NA,NA,NA,NA,NA,NA,0.0,0,NA,NA,NA,2013-06-11T14:15:34+02:00,2004,2004-01-01T00:00:00+01:00,2004-12-31T00:00:00+01:00,Brunei Darussalam,"Age-standardized death rates, violence, per 100,000",EN,Sex
5262061,SA_0000001455,COUNTRY,TLS,SEAR,YEAR,South-East Asia,SEX,SEX_MLE,2004,NA,NA,NA,NA,NA,NA,28.2,28.2,NA,NA,NA,2013-06-11T14:15:34+02:00,2004,2004-01-01T00:00:00+01:00,2004-12-31T00:00:00+01:00,Timor-Leste,"Age-standardized death rates, violence, per 100,000",EN,Sex
2343787,SA_0000001455,COUNTRY,BLR,EUR,YEAR,Europe,SEX,SEX_FMLE,2004,NA,NA,NA,NA,NA,NA,0.3,0.3,NA,NA,NA,2013-06-11T14:15:34+02:00,2004,2004-01-01T00:00:00+01:00,2004-12-31T00:00:00+01:00,Belarus,"Age-standardized death rates, violence, per 100,000",EN,Sex
2409814,SA_0000001455,COUNTRY,NRU,WPR,YEAR,Western Pacific,NA,NA,2002,NA,NA,NA,NA,NA,NA,10.89,10.89,NA,NA,NA,2013-06-11T14:15:34+02:00,2002,2002-01-01T00:00:00+01:00,2002-12-31T00:00:00+01:00,Naoero,"Age-standardized death rates, violence, per 100,000",EN,NA
4517810,SA_0000001455,COUNTRY,RWA,AFR,YEAR,Africa,NA,NA,2002,NA,NA,NA,NA,NA,NA,25.39,25.39,NA,NA,NA,2013-06-11T14:15:34+02:00,2002,2002-01-01T00:00:00+01:00,2002-12-31T00:00:00+01:00,Rwanda,"Age-standardized death rates, violence, per 100,000",EN,NA
2040408,SA_0000001455,COUNTRY,CPV,AFR,YEAR,Africa,SEX,SEX_FMLE,2004,NA,NA,NA,NA,NA,NA,0.0,0,NA,NA,NA,2013-06-11T14:15:34+02:00,2004,2004-01-01T00:00:00+01:00,2004-12-31T00:00:00+01:00,Cabo Verde,"Age-standardized death rates, violence, per 100,000",EN,Sex
2047042,SA_0000001455,COUNTRY,URY,AMR,YEAR,Americas,NA,NA,2002,NA,NA,NA,NA,NA,NA,5.72,5.72,NA,NA,NA,2013-06-11T14:15:34+02:00,2002,2002-01-01T00:00:00+01:00,2002-12-31T00:00:00+01:00,Uruguay,"Age-standardized death rates, violence, per 100,000",EN,NA
4162741,SA_0000001455,COUNTRY,BWA,AFR,YEAR,Africa,NA,NA,2002,NA,NA,NA,NA,NA,NA,7.34,7.34,NA,NA,NA,2013-06-11T14:15:34+02:00,2002,2002-01-01T00:00:00+01:00,2002-12-31T00:00:00+01:00,Botswana,"Age-standardized death rates, violence, per 100,000",EN,NA
8365824,SA_0000001455,COUNTRY,BTN,SEAR,YEAR,South-East Asia,SEX,SEX_FMLE,2004,NA,NA,NA,NA,NA,NA,0.0,0,NA,NA,NA,2013-06-11T14:15:34+02:00,2004,2004-01-01T00:00:00+01:00,2004-12-31T00:00:00+01:00,Bhutan,"Age-standardized death rates, violence, per 100,000",EN,Sex
4353218,SA_0000001455,COUNTRY,CPV,AFR,YEAR,Africa,SEX,SEX_MLE,2004,NA,NA,NA,NA,NA,NA,19.6,19.6,NA,NA,NA,2013-06-11T14:15:34+02:00,2004,2004-01-01T00:00:00+01:00,2004-12-31T00:00:00+01:00,Cabo Verde,"Age-standardized death rates, violence, per 100,000",EN,Sex
4879496,SA_0000001455,COUNTRY,NOR,EUR,YEAR,Europe,SEX,SEX_FMLE,2004,NA,NA,NA,NA,NA,NA,0.0,0,NA,NA,NA,2013-06-11T14:15:34+02:00,2004,2004-01-01T00:00:00+01:00,2004-12-31T00:00:00+01:00,Norway,"Age-standardized death rates, violence, per 100,000",EN,Sex
5103832,SA_0000001455,COUNTRY,SUR,AMR,YEAR,Americas,NA,NA,2002,NA,NA,NA,NA,NA,NA,4.91,4.91,NA,NA,NA,2013-06-11T14:15:34+02:00,2002,2002-01-01T00:00:00+01:00,2002-12-31T00:00:00+01:00,Suriname,"Age-standardized death rates, violence, per 100,000",EN,NA
6960619,SA_0000001455,COUNTRY,MDG,AFR,YEAR,Africa,SEX,SEX_BTSX,2004,NA,NA,NA,NA,NA,NA,14.6,14.6,NA,NA,NA,2013-06-11T14:15:34+02:00,2004,2004-01-01T00:00:00+01:00,2004-12-31T00:00:00+01:00,Madagascar,"Age-standardized death rates, violence, per 100,000",EN,Sex
3651192,SA_0000001455,COUNTRY,CAN,AMR,YEAR,Americas,SEX,SEX_BTSX,2004,NA,NA,NA,NA,NA,NA,1.4,1.4,NA,NA,NA,2013-06-11T14:15:34+02:00,2004,2004-01-01T00:00:00+01:00,2004-12-31T00:00:00+01:00,Canada,"Age-standardized death rates, violence, per 100,000",EN,Sex
7897892,SA_0000001455,COUNTRY,MWI,AFR,YEAR,Africa,SEX,SEX_BTSX,2004,NA,NA,NA,NA,NA,NA,25.1,25.1,NA,NA,NA,2013-06-11T14:15:34+02:00,2004,2004-01-01T00:00:00+01:00,2004-12-31T00:00:00+01:00,Malawi,"Age-standardized death rates, violence, per 100,000",EN,Sex
6394468,SA_0000001455,COUNTRY,COD,AFR,YEAR,Africa,SEX,SEX_BTSX,2004,NA,NA,NA,NA,NA,NA,45.1,45.1,NA,NA,NA,2013-06-11T14:15:34+02:00,2004,2004-01-01T00:00:00+01:00,2004-12-31T00:00:00+01:00,Democratic Republic of the Congo,"Age-standardized death rates, violence, per 100,000",EN,Sex
3188544,SA_0000001455,COUNTRY,DJI,EMR,YEAR,Eastern Mediterranean,SEX,SEX_BTSX,2004,NA,NA,NA,NA,NA,NA,3.8,3.8,NA,NA,NA,2013-06-11T14:15:34+02:00,2004,2004-01-01T00:00:00+01:00,2004-12-31T00:00:00+01:00,Djibouti,"Age-standardized death rates, violence, per 100,000",EN,Sex
3808537,SA_0000001455,COUNTRY,SWZ,AFR,YEAR,Africa,NA,NA,2002,NA,NA,NA,NA,NA,NA,6.76,6.76,NA,NA,NA,2013-06-11T14:15:34+02:00,2002,2002-01-01T00:00:00+01:00,2002-12-31T00:00:00+01:00,Eswatini,"Age-standardized death rates, violence, per 100,000",EN,NA
2607090,SA_0000001455,COUNTRY,BGD,SEAR,YEAR,South-East Asia,NA,NA,2002,NA,NA,NA,NA,NA,NA,9.86,9.86,NA,NA,NA,2013-06-11T14:15:34+02:00,2002,2002-01-01T00:00:00+01:00,2002-12-31T00:00:00+01:00,Bangladesh,"Age-standardized death rates, violence, per 100,000",EN,NA
8224466,SA_0000001455,COUNTRY,FIN,EUR,YEAR,Europe,SEX,SEX_BTSX,2004,NA,NA,NA,NA,NA,NA,2.4,2.4,NA,NA,NA,2013-06-11T14:15:34+02:00,2004,2004-01-01T00:00:00+01:00,2004-12-31T00:00:00+01:00,Finland,"Age-standardized death rates, violence, per 100,000",EN,Sex
1381756,SA_0000001455,COUNTRY,UGA,AFR,YEAR,Africa,SEX,SEX_MLE,2004,NA,NA,NA,NA,NA,NA,55.6,55.6,NA,NA,NA,2013-06-11T14:15:34+02:00,2004,2004-01-01T00:00:00+01:00,2004-12-31T00:00:00+01:00,Uganda,"Age-standardized death rates, violence, per 100,000",EN,Sex
8056298,SA_0000001455,COUNTRY,LTU,EUR,YEAR,Europe,SEX,SEX_MLE,2004,NA,NA,NA,NA,NA,NA,12.2,12.2,NA,NA,NA,2013-06-11T14:15:34+02:00,2004,2004-01-01T00:00:00+01:00,2004-12-31T00:00:00+01:00,Lithuania,"Age-standardized death rates, violence, per 100,000",EN,Sex
8953679,SA_0000001455,COUNTRY,GRD,AMR,YEAR,Americas,SEX,SEX_FMLE,2004,NA,NA,NA,NA,NA,NA,0.0,0,NA,NA,NA,2013-06-11T14:15:34+02:00,2004,2004-01-01T00:00:00+01:00,2004-12-31T00:00:00+01:00,Grenada,"Age-standardized death rates, violence, per 100,000",EN,Sex
6322105,SA_0000001455,COUNTRY,DEU,EUR,YEAR,Europe,SEX,SEX_FMLE,2004,NA,NA,NA,NA,NA,NA,0.3,0.3,NA,NA,NA,2013-06-11T14:15:34+02:00,2004,2004-01-01T00:00:00+01:00,2004-12-31T00:00:00+01:00,Germany,"Age-standardized death rates, violence, per 100,000",EN,Sex
7518511,SA_0000001455,COUNTRY,BLR,EUR,YEAR,Europe,SEX,SEX_BTSX,2004,NA,NA,NA,NA,NA,NA,8.9,8.9,NA,NA,NA,2013-06-11T14:15:34+02:00,2004,2004-01-01T00:00:00+01:00,2004-12-31T00:00:00+01:00,Belarus,"Age-standardized death rates, violence, per 100,000",EN,Sex
8704396,SA_0000001455,COUNTRY,WSM,WPR,YEAR,Western Pacific,SEX,SEX_BTSX,2004,NA,NA,NA,NA,NA,NA,1.0,1,NA,NA,NA,2013-06-11T14:15:34+02:00,2004,2004-01-01T00:00:00+01:00,2004-12-31T00:00:00+01:00,Samoa,"Age-standardized death rates, violence, per 100,000",EN,Sex
6453972,SA_0000001455,COUNTRY,SVN,EUR,YEAR,Europe,SEX,SEX_MLE,2004,NA,NA,NA,NA,NA,NA,2.7,2.7,NA,NA,NA,2013-06-11T14:15:34+02:00,2004,2004-01-01T00:00:00+01:00,2004-12-31T00:00:00+01:00,Slovenia,"Age-standardized death rates, violence, per 100,000",EN,Sex
3591802,SA_0000001455,COUNTRY,MDG,AFR,YEAR,Africa,SEX,SEX_MLE,2004,NA,NA,NA,NA,NA,NA,23.0,23,NA,NA,NA,2013-06-11T14:15:34+02:00,2004,2004-01-01T00:00:00+01:00,2004-12-31T00:00:00+01:00,Madagascar,"Age-standardized death rates, violence, per 100,000",EN,Sex
2883465,SA_0000001455,COUNTRY,NLD,EUR,YEAR,Europe,NA,NA,2002,NA,NA,NA,NA,NA,NA,1.10,1.1,NA,NA,NA,2013-06-11T14:15:34+02:00,2002,2002-01-01T00:00:00+01:00,2002-12-31T00:00:00+01:00,Netherlands (Kingdom of the),"Age-standardized death rates, violence, per 100,000",EN,NA
6526597,SA_0000001455,COUNTRY,PAK,EMR,YEAR,Eastern Mediterranean,SEX,SEX_FMLE,2004,NA,NA,NA,NA,NA,NA,2.4,2.4,NA,NA,NA,2013-06-11T14:15:34+02:00,2004,2004-01-01T00:00:00+01:00,2004-12-31T00:00:00+01:00,Pakistan,"Age-standardized death rates, violence, per 100,000",EN,Sex
3122774,SA_0000001455,COUNTRY,NGA,AFR,YEAR,Africa,SEX,SEX_MLE,2004,NA,NA,NA,NA,NA,NA,34.9,34.9,NA,NA,NA,2013-06-11T14:15:34+02:00,2004,2004-01-01T00:00:00+01:00,2004-12-31T00:00:00+01:00,Nigeria,"Age-standardized death rates, violence, per 100,000",EN,Sex
9381541,SA_0000001455,COUNTRY,QAT,EMR,YEAR,Eastern Mediterranean,SEX,SEX_MLE,2004,NA,NA,NA,NA,NA,NA,0.8,0.8,NA,NA,NA,2013-06-11T14:15:34+02:00,2004,2004-01-01T00:00:00+01:00,2004-12-31T00:00:00+01:00,Qatar,"Age-standardized death rates, violence, per 100,000",EN,Sex
9526694,SA_0000001455,COUNTRY,MYS,WPR,YEAR,Western Pacific,NA,NA,2002,NA,NA,NA,NA,NA,NA,9.73,9.73,NA,NA,NA,2013-06-11T14:15:34+02:00,2002,2002-01-01T00:00:00+01:00,2002-12-31T00:00:00+01:00,Malaysia,"Age-standardized death rates, violence, per 100,000",EN,NA
7703034,SA_0000001455,COUNTRY,TZA,AFR,YEAR,Africa,SEX,SEX_BTSX,2004,NA,NA,NA,NA,NA,NA,33.3,33.3,NA,NA,NA,2013-06-11T14:15:34+02:00,2004,2004-01-01T00:00:00+01:00,2004-12-31T00:00:00+01:00,United Republic of Tanzania,"Age-standardized death rates, violence, per 100,000",EN,Sex
5513086,SA_0000001455,COUNTRY,GMB,AFR,YEAR,Africa,SEX,SEX_FMLE,2004,NA,NA,NA,NA,NA,NA,0.0,0,NA,NA,NA,2013-06-11T14:15:34+02:00,2004,2004-01-01T00:00:00+01:00,2004-12-31T00:00:00+01:00,Gambia,"Age-standardized death rates, violence, per 100,000",EN,Sex
2212001,SA_0000001455,COUNTRY,OMN,EMR,YEAR,Eastern Mediterranean,NA,NA,2002,NA,NA,NA,NA,NA,NA,2.09,2.09,NA,NA,NA,2013-06-11T14:15:34+02:00,2002,2002-01-01T00:00:00+01:00,2002-12-31T00:00:00+01:00,Oman,"Age-standardized death rates, violence, per 100,000",EN,NA
6111428,SA_0000001455,COUNTRY,MYS,WPR,YEAR,Western Pacific,SEX,SEX_BTSX,2004,NA,NA,NA,NA,NA,NA,10.2,10.2,NA,NA,NA,2013-06-11T14:15:34+02:00,2004,2004-01-01T00:00:00+01:00,2004-12-31T00:00:00+01:00,Malaysia,"Age-standardized death rates, violence, per 100,000",EN,Sex
9105232,SA_0000001455,COUNTRY,PRT,EUR,YEAR,Europe,SEX,SEX_MLE,2004,NA,NA,NA,NA,NA,NA,2.5,2.5,NA,NA,NA,2013-06-11T14:15:34+02:00,2004,2004-01-01T00:00:00+01:00,2004-12-31T00:00:00+01:00,Portugal,"Age-standardized death rates, violence, per 100,000",EN,Sex
4958644,SA_0000001455,COUNTRY,CRI,AMR,YEAR,Americas,SEX,SEX_BTSX,2004,NA,NA,NA,NA,NA,NA,6.7,6.7,NA,NA,NA,2013-06-11T14:15:34+02:00,2004,2004-01-01T00:00:00+01:00,2004-12-31T00:00:00+01:00,Costa Rica,"Age-standardized death rates, violence, per 100,000",EN,Sex
9599191,SA_0000001455,COUNTRY,CHE,EUR,YEAR,Europe,SEX,SEX_BTSX,2004,NA,NA,NA,NA,NA,NA,0.9,0.9,NA,NA,NA,2013-06-11T14:15:34+02:00,2004,2004-01-01T00:00:00+01:00,2004-12-31T00:00:00+01:00,Switzerland,"Age-standardized death rates, violence, per 100,000",EN,Sex
7007019,SA_0000001455,COUNTRY,HTI,AMR,YEAR,Americas,SEX,SEX_MLE,2004,NA,NA,NA,NA,NA,NA,12.0,12,NA,NA,NA,2013-06-11T14:15:34+02:00,2004,2004-01-01T00:00:00+01:00,2004-12-31T00:00:00+01:00,Haiti,"Age-standardized death rates, violence, per 100,000",EN,Sex
2139558,SA_0000001455,COUNTRY,NRU,WPR,YEAR,Western Pacific,SEX,SEX_FMLE,2004,NA,NA,NA,NA,NA,NA,0.0,0,NA,NA,NA,2013-06-11T14:15:34+02:00,2004,2004-01-01T00:00:00+01:00,2004-12-31T00:00:00+01:00,Naoero,"Age-standardized death rates, violence, per 100,000",EN,Sex
7808269,SA_0000001455,COUNTRY,POL,EUR,YEAR,Europe,NA,NA,2002,NA,NA,NA,NA,NA,NA,1.65,1.65,NA,NA,NA,2013-06-11T14:15:34+02:00,2002,2002-01-01T00:00:00+01:00,2002-12-31T00:00:00+01:00,Poland,"Age-standardized death rates, violence, per 100,000",EN,NA
8947197,SA_0000001455,COUNTRY,AFG,EMR,YEAR,Eastern Mediterranean,NA,NA,2002,NA,NA,NA,NA,NA,NA,4.65,4.65,NA,NA,NA,2013-06-11T14:15:34+02:00,2002,2002-01-01T00:00:00+01:00,2002-12-31T00:00:00+01:00,Afghanistan,"Age-standardized death rates, violence, per 100,000",EN,NA
1237063,SA_0000001455,COUNTRY,FIN,EUR,YEAR,Europe,NA,NA,2002,NA,NA,NA,NA,NA,NA,2.83,2.83,NA,NA,NA,2013-06-11T14:15:34+02:00,2002,2002-01-01T00:00:00+01:00,2002-12-31T00:00:00+01:00,Finland,"Age-standardized death rates, violence, per 100,000",EN,NA
3241612,SA_0000001455,COUNTRY,JOR,EMR,YEAR,Eastern Mediterranean,SEX,SEX_MLE,2004,NA,NA,NA,NA,NA,NA,12.7,12.7,NA,NA,NA,2013-06-11T14:15:34+02:00,2004,2004-01-01T00:00:00+01:00,2004-12-31T00:00:00+01:00,Jordan,"Age-standardized death rates, violence, per 100,000",EN,Sex
7013635,SA_0000001455,COUNTRY,KWT,EMR,YEAR,Eastern Mediterranean,SEX,SEX_MLE,2004,NA,NA,NA,NA,NA,NA,1.4,1.4,NA,NA,NA,2013-06-11T14:15:34+02:00,2004,2004-01-01T00:00:00+01:00,2004-12-31T00:00:00+01:00,Kuwait,"Age-standardized death rates, violence, per 100,000",EN,Sex
6170802,SA_0000001455,COUNTRY,PHL,WPR,YEAR,Western Pacific,SEX,SEX_BTSX,2004,NA,NA,NA,NA,NA,NA,24.7,24.7,NA,NA,NA,2013-06-11T14:15:34+02:00,2004,2004-01-01T00:00:00+01:00,2004-12-31T00:00:00+01:00,Philippines,"Age-standardized death rates, violence, per 100,000",EN,Sex
3473020,SA_0000001455,COUNTRY,ATG,AMR,YEAR,Americas,NA,NA,2002,NA,NA,NA,NA,NA,NA,10.83,10.83,NA,NA,NA,2013-06-11T14:15:34+02:00,2002,2002-01-01T00:00:00+01:00,2002-12-31T00:00:00+01:00,Antigua and Barbuda,"Age-standardized death rates, violence, per 100,000",EN,NA
8283970,SA_0000001455,COUNTRY,ZAF,AFR,YEAR,Africa,SEX,SEX_BTSX,2004,NA,NA,NA,NA,NA,NA,70.8,70.8,NA,NA,NA,2013-06-11T14:15:34+02:00,2004,2004-01-01T00:00:00+01:00,2004-12-31T00:00:00+01:00,South Africa,"Age-standardized death rates, violence, per 100,000",EN,Sex
7356481,SA_0000001455,COUNTRY,ETH,AFR,YEAR,Africa,NA,NA,2002,NA,NA,NA,NA,NA,NA,26.46,26.46,NA,NA,NA,2013-06-11T14:15:34+02:00,2002,2002-01-01T00:00:00+01:00,2002-12-31T00:00:00+01:00,Ethiopia,"Age-standardized death rates, violence, per 100,000",EN,NA
2561333,SA_0000001455,COUNTRY,MEX,AMR,YEAR,Americas,SEX,SEX_BTSX,2004,NA,NA,NA,NA,NA,NA,9.9,9.9,NA,NA,NA,2013-06-11T14:15:34+02:00,2004,2004-01-01T00:00:00+01:00,2004-12-31T00:00:00+01:00,Mexico,"Age-standardized death rates, violence, per 100,000",EN,Sex
4932425,SA_0000001455,COUNTRY,CHN,WPR,YEAR,Western Pacific,SEX,SEX_FMLE,2004,NA,NA,NA,NA,NA,NA,8.2,8.2,NA,NA,NA,2013-06-11T14:15:34+02:00,2004,2004-01-01T00:00:00+01:00,2004-12-31T00:00:00+01:00,China,"Age-standardized death rates, violence, per 100,000",EN,Sex
1717858,SA_0000001455,COUNTRY,TUN,EMR,YEAR,Eastern Mediterranean,SEX,SEX_MLE,2004,NA,NA,NA,NA,NA,NA,3.0,3,NA,NA,NA,2013-06-11T14:15:34+02:00,2004,2004-01-01T00:00:00+01:00,2004-12-31T00:00:00+01:00,Tunisia,"Age-standardized death rates, violence, per 100,000",EN,Sex
7578230,SA_0000001455,COUNTRY,ARG,AMR,YEAR,Americas,NA,NA,2002,NA,NA,NA,NA,NA,NA,8.85,8.85,NA,NA,NA,2013-06-11T14:15:34+02:00,2002,2002-01-01T00:00:00+01:00,2002-12-31T00:00:00+01:00,Argentina,"Age-standardized death rates, violence, per 100,000",EN,NA
1961915,SA_0000001455,COUNTRY,VCT,AMR,YEAR,Americas,SEX,SEX_FMLE,2004,NA,NA,NA,NA,NA,NA,0.0,0,NA,NA,NA,2013-06-11T14:15:34+02:00,2004,2004-01-01T00:00:00+01:00,2004-12-31T00:00:00+01:00,Saint Vincent and the Grenadines,"Age-standardized death rates, violence, per 100,000",EN,Sex
5361359,SA_0000001455,COUNTRY,UKR,EUR,YEAR,Europe,SEX,SEX_FMLE,2004,NA,NA,NA,NA,NA,NA,1.8,1.8,NA,NA,NA,2013-06-11T14:15:34+02:00,2004,2004-01-01T00:00:00+01:00,2004-12-31T00:00:00+01:00,Ukraine,"Age-standardized death rates, violence, per 100,000",EN,Sex
9757338,SA_0000001455,COUNTRY,ZWE,AFR,YEAR,Africa,SEX,SEX_MLE,2004,NA,NA,NA,NA,NA,NA,63.5,63.5,NA,NA,NA,2013-06-11T14:15:34+02:00,2004,2004-01-01T00:00:00+01:00,2004-12-31T00:00:00+01:00,Zimbabwe,"Age-standardized death rates, violence, per 100,000",EN,Sex
7709746,SA_0000001455,COUNTRY,ZMB,AFR,YEAR,Africa,SEX,SEX_BTSX,2004,NA,NA,NA,NA,NA,NA,30.5,30.5,NA,NA,NA,2013-06-11T14:15:34+02:00,2004,2004-01-01T00:00:00+01:00,2004-12-31T00:00:00+01:00,Zambia,"Age-standardized death rates, violence, per 100,000",EN,Sex
8691467,SA_0000001455,COUNTRY,CUB,AMR,YEAR,Americas,SEX,SEX_MLE,2004,NA,NA,NA,NA,NA,NA,8.8,8.8,NA,NA,NA,2013-06-11T14:15:34+02:00,2004,2004-01-01T00:00:00+01:00,2004-12-31T00:00:00+01:00,Cuba,"Age-standardized death rates, violence, per 100,000",EN,Sex
1605611,SA_0000001455,COUNTRY,ESP,EUR,YEAR,Europe,NA,NA,2002,NA,NA,NA,NA,NA,NA,0.91,0.91,NA,NA,NA,2013-06-11T14:15:34+02:00,2002,2002-01-01T00:00:00+01:00,2002-12-31T00:00:00+01:00,Spain,"Age-standardized death rates, violence, per 100,000",EN,NA
5288870,SA_0000001455,COUNTRY,AZE,EUR,YEAR,Europe,SEX,SEX_FMLE,2004,NA,NA,NA,NA,NA,NA,0.1,0.1,NA,NA,NA,2013-06-11T14:15:34+02:00,2004,2004-01-01T00:00:00+01:00,2004-12-31T00:00:00+01:00,Azerbaijan,"Age-standardized death rates, violence, per 100,000",EN,Sex
6559863,SA_0000001455,COUNTRY,AND,EUR,YEAR,Europe,NA,NA,2002,NA,NA,NA,NA,NA,NA,0.77,0.77,NA,NA,NA,2013-06-11T14:15:34+02:00,2002,2002-01-01T00:00:00+01:00,2002-12-31T00:00:00+01:00,Andorra,"Age-standardized death rates, violence, per 100,000",EN,NA
1750725,SA_0000001455,COUNTRY,NPL,SEAR,YEAR,South-East Asia,SEX,SEX_BTSX,2004,NA,NA,NA,NA,NA,NA,16.9,16.9,NA,NA,NA,2013-06-11T14:15:34+02:00,2004,2004-01-01T00:00:00+01:00,2004-12-31T00:00:00+01:00,Nepal,"Age-standardized death rates, violence, per 100,000",EN,Sex
3499631,SA_0000001455,COUNTRY,NIU,WPR,YEAR,Western Pacific,NA,NA,2002,NA,NA,NA,NA,NA,NA,1.07,1.07,NA,NA,NA,2013-06-11T14:15:34+02:00,2002,2002-01-01T00:00:00+01:00,2002-12-31T00:00:00+01:00,Niue,"Age-standardized death rates, violence, per 100,000",EN,NA
5209648,SA_0000001455,COUNTRY,TUV,WPR,YEAR,Western Pacific,SEX,SEX_FMLE,2004,NA,NA,NA,NA,NA,NA,0.0,0,NA,NA,NA,2013-06-11T14:15:34+02:00,2004,2004-01-01T00:00:00+01:00,2004-12-31T00:00:00+01:00,Tuvalu,"Age-standardized death rates, violence, per 100,000",EN,Sex
8313616,SA_0000001455,COUNTRY,SOM,EMR,YEAR,Eastern Mediterranean,SEX,SEX_BTSX,2004,NA,NA,NA,NA,NA,NA,1.9,1.9,NA,NA,NA,2013-06-11T14:15:34+02:00,2004,2004-01-01T00:00:00+01:00,2004-12-31T00:00:00+01:00,Somalia,"Age-standardized death rates, violence, per 100,000",EN,Sex
6335621,SA_0000001455,COUNTRY,YEM,EMR,YEAR,Eastern Mediterranean,SEX,SEX_BTSX,2004,NA,NA,NA,NA,NA,NA,3.2,3.2,NA,NA,NA,2013-06-11T14:15:34+02:00,2004,2004-01-01T00:00:00+01:00,2004-12-31T00:00:00+01:00,Yemen,"Age-standardized death rates, violence, per 100,000",EN,Sex
9039721,SA_0000001455,COUNTRY,AUT,EUR,YEAR,Europe,SEX,SEX_FMLE,2004,NA,NA,NA,NA,NA,NA,0.0,0,NA,NA,NA,2013-06-11T14:15:34+02:00,2004,2004-01-01T00:00:00+01:00,2004-12-31T00:00:00+01:00,Austria,"Age-standardized death rates, violence, per 100,000",EN,Sex
6507059,SA_0000001455,COUNTRY,PER,AMR,YEAR,Americas,SEX,SEX_MLE,2004,NA,NA,NA,NA,NA,NA,5.6,5.6,NA,NA,NA,2013-06-11T14:15:34+02:00,2004,2004-01-01T00:00:00+01:00,2004-12-31T00:00:00+01:00,Peru,"Age-standardized death rates, violence, per 100,000",EN,Sex
5868172,SA_0000001455,COUNTRY,POL,EUR,YEAR,Europe,SEX,SEX_FMLE,2004,NA,NA,NA,NA,NA,NA,0.2,0.2,NA,NA,NA,2013-06-11T14:15:34+02:00,2004,2004-01-01T00:00:00+01:00,2004-12-31T00:00:00+01:00,Poland,"Age-standardized death rates, violence, per 100,000",EN,Sex
8691594,SA_0000001455,COUNTRY,BRA,AMR,YEAR,Americas,NA,NA,2002,NA,NA,NA,NA,NA,NA,31.09,31.09,NA,NA,NA,2013-06-11T14:15:34+02:00,2002,2002-01-01T00:00:00+01:00,2002-12-31T00:00:00+01:00,Brazil,"Age-standardized death rates, violence, per 100,000",EN,NA
4860193,SA_0000001455,COUNTRY,AFG,EMR,YEAR,Eastern Mediterranean,SEX,SEX_BTSX,2004,NA,NA,NA,NA,NA,NA,3.8,3.8,NA,NA,NA,2013-06-11T14:15:34+02:00,2004,2004-01-01T00:00:00+01:00,2004-12-31T00:00:00+01:00,Afghanistan,"Age-standardized death rates, violence, per 100,000",EN,Sex
7977606,SA_0000001455,COUNTRY,SGP,WPR,YEAR,Western Pacific,SEX,SEX_BTSX,2004,NA,NA,NA,NA,NA,NA,1.2,1.2,NA,NA,NA,2013-06-11T14:15:34+02:00,2004,2004-01-01T00:00:00+01:00,2004-12-31T00:00:00+01:00,Singapore,"Age-standardized death rates, violence, per 100,000",EN,Sex
5434190,SA_0000001455,COUNTRY,KOR,WPR,YEAR,Western Pacific,NA,NA,2002,NA,NA,NA,NA,NA,NA,1.74,1.74,NA,NA,NA,2013-06-11T14:15:34+02:00,2002,2002-01-01T00:00:00+01:00,2002-12-31T00:00:00+01:00,Republic of Korea,"Age-standardized death rates, violence, per 100,000",EN,NA
7775754,SA_0000001455,COUNTRY,TUV,WPR,YEAR,Western Pacific,SEX,SEX_BTSX,2004,NA,NA,NA,NA,NA,NA,1.9,1.9,NA,NA,NA,2013-06-11T14:15:34+02:00,2004,2004-01-01T00:00:00+01:00,2004-12-31T00:00:00+01:00,Tuvalu,"Age-standardized death rates, violence, per 100,000",EN,Sex
5546178,SA_0000001455,COUNTRY,ROU,EUR,YEAR,Europe,SEX,SEX_BTSX,2004,NA,NA,NA,NA,NA,NA,2.9,2.9,NA,NA,NA,2013-06-11T14:15:34+02:00,2004,2004-01-01T00:00:00+01:00,2004-12-31T00:00:00+01:00,Romania,"Age-standardized death rates, violence, per 100,000",EN,Sex
7271357,SA_0000001455,COUNTRY,VUT,WPR,YEAR,Western Pacific,NA,NA,2002,NA,NA,NA,NA,NA,NA,1.09,1.09,NA,NA,NA,2013-06-11T14:15:34+02:00,2002,2002-01-01T00:00:00+01:00,2002-12-31T00:00:00+01:00,Vanuatu,"Age-standardized death rates, violence, per 100,000",EN,NA
7469054,SA_0000001455,COUNTRY,CYP,EUR,YEAR,Europe,NA,NA,2002,NA,NA,NA,NA,NA,NA,0.22,0.22,NA,NA,NA,2013-06-11T14:15:34+02:00,2002,2002-01-01T00:00:00+01:00,2002-12-31T00:00:00+01:00,Cyprus,"Age-standardized death rates, violence, per 100,000",EN,NA
5822025,SA_0000001455,COUNTRY,NER,AFR,YEAR,Africa,SEX,SEX_BTSX,2004,NA,NA,NA,NA,NA,NA,26.9,26.9,NA,NA,NA,2013-06-11T14:15:34+02:00,2004,2004-01-01T00:00:00+01:00,2004-12-31T00:00:00+01:00,Niger,"Age-standardized death rates, violence, per 100,000",EN,Sex
5835235,SA_0000001455,COUNTRY,CMR,AFR,YEAR,Africa,SEX,SEX_BTSX,2004,NA,NA,NA,NA,NA,NA,19.0,19,NA,NA,NA,2013-06-11T14:15:34+02:00,2004,2004-01-01T00:00:00+01:00,2004-12-31T00:00:00+01:00,Cameroon,"Age-standardized death rates, violence, per 100,000",EN,Sex
6493938,SA_0000001455,COUNTRY,TZA,AFR,YEAR,Africa,SEX,SEX_MLE,2004,NA,NA,NA,NA,NA,NA,57.0,57,NA,NA,NA,2013-06-11T14:15:34+02:00,2004,2004-01-01T00:00:00+01:00,2004-12-31T00:00:00+01:00,United Republic of Tanzania,"Age-standardized death rates, violence, per 100,000",EN,Sex
4617048,SA_0000001455,COUNTRY,MDV,SEAR,YEAR,South-East Asia,SEX,SEX_BTSX,2004,NA,NA,NA,NA,NA,NA,2.3,2.3,NA,NA,NA,2013-06-11T14:15:34+02:00,2004,2004-01-01T00:00:00+01:00,2004-12-31T00:00:00+01:00,Maldives,"Age-standardized death rates, violence, per 100,000",EN,Sex
9072794,SA_0000001455,COUNTRY,ISR,EUR,YEAR,Europe,NA,NA,2002,NA,NA,NA,NA,NA,NA,0.74,0.74,NA,NA,NA,2013-06-11T14:15:34+02:00,2002,2002-01-01T00:00:00+01:00,2002-12-31T00:00:00+01:00,Israel,"Age-standardized death rates, violence, per 100,000",EN,NA
9276918,SA_0000001455,COUNTRY,CHL,AMR,YEAR,Americas,SEX,SEX_FMLE,2004,NA,NA,NA,NA,NA,NA,0.1,0.1,NA,NA,NA,2013-06-11T14:15:34+02:00,2004,2004-01-01T00:00:00+01:00,2004-12-31T00:00:00+01:00,Chile,"Age-standardized death rates, violence, per 100,000",EN,Sex
4886428,SA_0000001455,COUNTRY,AGO,AFR,YEAR,Africa,SEX,SEX_BTSX,2004,NA,NA,NA,NA,NA,NA,48.2,48.2,NA,NA,NA,2013-06-11T14:15:34+02:00,2004,2004-01-01T00:00:00+01:00,2004-12-31T00:00:00+01:00,Angola,"Age-standardized death rates, violence, per 100,000",EN,Sex
3677714,SA_0000001455,COUNTRY,SUR,AMR,YEAR,Americas,SEX,SEX_FMLE,2004,NA,NA,NA,NA,NA,NA,0.0,0,NA,NA,NA,2013-06-11T14:15:34+02:00,2004,2004-01-01T00:00:00+01:00,2004-12-31T00:00:00+01:00,Suriname,"Age-standardized death rates, violence, per 100,000",EN,Sex
9816801,SA_0000001455,COUNTRY,TLS,SEAR,YEAR,South-East Asia,SEX,SEX_BTSX,2004,NA,NA,NA,NA,NA,NA,16.3,16.3,NA,NA,NA,2013-06-11T14:15:34+02:00,2004,2004-01-01T00:00:00+01:00,2004-12-31T00:00:00+01:00,Timor-Leste,"Age-standardized death rates, violence, per 100,000",EN,Sex
8829547,SA_0000001455,COUNTRY,MYS,WPR,YEAR,Western Pacific,SEX,SEX_MLE,2004,NA,NA,NA,NA,NA,NA,17.9,17.9,NA,NA,NA,2013-06-11T14:15:34+02:00,2004,2004-01-01T00:00:00+01:00,2004-12-31T00:00:00+01:00,Malaysia,"Age-standardized death rates, violence, per 100,000",EN,Sex
6868846,SA_0000001455,COUNTRY,LTU,EUR,YEAR,Europe,SEX,SEX_FMLE,2004,NA,NA,NA,NA,NA,NA,0.1,0.1,NA,NA,NA,2013-06-11T14:15:34+02:00,2004,2004-01-01T00:00:00+01:00,2004-12-31T00:00:00+01:00,Lithuania,"Age-standardized death rates, violence, per 100,000",EN,Sex
9480689,SA_0000001455,COUNTRY,NZL,WPR,YEAR,Western Pacific,SEX,SEX_FMLE,2004,NA,NA,NA,NA,NA,NA,0.0,0,NA,NA,NA,2013-06-11T14:15:34+02:00,2004,2004-01-01T00:00:00+01:00,2004-12-31T00:00:00+01:00,New Zealand,"Age-standardized death rates, violence, per 100,000",EN,Sex
2956370,SA_0000001455,COUNTRY,GEO,EUR,YEAR,Europe,SEX,SEX_MLE,2004,NA,NA,NA,NA,NA,NA,6.2,6.2,NA,NA,NA,2013-06-11T14:15:34+02:00,2004,2004-01-01T00:00:00+01:00,2004-12-31T00:00:00+01:00,Georgia,"Age-standardized death rates, violence, per 100,000",EN,Sex
1678573,SA_0000001455,COUNTRY,GNB,AFR,YEAR,Africa,SEX,SEX_BTSX,2004,NA,NA,NA,NA,NA,NA,21.2,21.2,NA,NA,NA,2013-06-11T14:15:34+02:00,2004,2004-01-01T00:00:00+01:00,2004-12-31T00:00:00+01:00,Guinea-Bissau,"Age-standardized death rates, violence, per 100,000",EN,Sex
5927327,SA_0000001455,COUNTRY,ZAF,AFR,YEAR,Africa,SEX,SEX_FMLE,2004,NA,NA,NA,NA,NA,NA,5.1,5.1,NA,NA,NA,2013-06-11T14:15:34+02:00,2004,2004-01-01T00:00:00+01:00,2004-12-31T00:00:00+01:00,South Africa,"Age-standardized death rates, violence, per 100,000",EN,Sex
8967323,SA_0000001455,COUNTRY,HUN,EUR,YEAR,Europe,SEX,SEX_FMLE,2004,NA,NA,NA,NA,NA,NA,0.1,0.1,NA,NA,NA,2013-06-11T14:15:34+02:00,2004,2004-01-01T00:00:00+01:00,2004-12-31T00:00:00+01:00,Hungary,"Age-standardized death rates, violence, per 100,000",EN,Sex
4768196,SA_0000001455,COUNTRY,GHA,AFR,YEAR,Africa,SEX,SEX_BTSX,2004,NA,NA,NA,NA,NA,NA,14.1,14.1,NA,NA,NA,2013-06-11T14:15:34+02:00,2004,2004-01-01T00:00:00+01:00,2004-12-31T00:00:00+01:00,Ghana,"Age-standardized death rates, violence, per 100,000",EN,Sex
7558802,SA_0000001455,COUNTRY,BOL,AMR,YEAR,Americas,SEX,SEX_MLE,2004,NA,NA,NA,NA,NA,NA,7.4,7.4,NA,NA,NA,2013-06-11T14:15:34+02:00,2004,2004-01-01T00:00:00+01:00,2004-12-31T00:00:00+01:00,Bolivia (Plurinational State of),"Age-standardized death rates, violence, per 100,000",EN,Sex
4248677,SA_0000001455,COUNTRY,NPL,SEAR,YEAR,South-East Asia,SEX,SEX_FMLE,2004,NA,NA,NA,NA,NA,NA,0.7,0.7,NA,NA,NA,2013-06-11T14:15:34+02:00,2004,2004-01-01T00:00:00+01:00,2004-12-31T00:00:00+01:00,Nepal,"Age-standardized death rates, violence, per 100,000",EN,Sex
2818393,SA_0000001455,COUNTRY,LAO,WPR,YEAR,Western Pacific,NA,NA,2002,NA,NA,NA,NA,NA,NA,7.69,7.69,NA,NA,NA,2013-06-11T14:15:34+02:00,2002,2002-01-01T00:00:00+01:00,2002-12-31T00:00:00+01:00,Lao People's Democratic Republic,"Age-standardized death rates, violence, per 100,000",EN,NA
2021426,SA_0000001455,COUNTRY,CIV,AFR,YEAR,Africa,SEX,SEX_MLE,2004,NA,NA,NA,NA,NA,NA,103.4,103.4,NA,NA,NA,2013-06-11T14:15:34+02:00,2004,2004-01-01T00:00:00+01:00,2004-12-31T00:00:00+01:00,Cote d'Ivoire,"Age-standardized death rates, violence, per 100,000",EN,Sex
6553625,SA_0000001455,COUNTRY,COG,AFR,YEAR,Africa,SEX,SEX_FMLE,2004,NA,NA,NA,NA,NA,NA,0.1,0.1,NA,NA,NA,2013-06-11T14:15:34+02:00,2004,2004-01-01T00:00:00+01:00,2004-12-31T00:00:00+01:00,Congo,"Age-standardized death rates, violence, per 100,000",EN,Sex
1962327,SA_0000001455,COUNTRY,KHM,WPR,YEAR,Western Pacific,SEX,SEX_FMLE,2004,NA,NA,NA,NA,NA,NA,0.4,0.4,NA,NA,NA,2013-06-11T14:15:34+02:00,2004,2004-01-01T00:00:00+01:00,2004-12-31T00:00:00+01:00,Cambodia,"Age-standardized death rates, violence, per 100,000",EN,Sex
9336142,SA_0000001455,COUNTRY,CRI,AMR,YEAR,Americas,NA,NA,2002,NA,NA,NA,NA,NA,NA,6.78,6.78,NA,NA,NA,2013-06-11T14:15:34+02:00,2002,2002-01-01T00:00:00+01:00,2002-12-31T00:00:00+01:00,Costa Rica,"Age-standardized death rates, violence, per 100,000",EN,NA
2732771,SA_0000001455,COUNTRY,VUT,WPR,YEAR,Western Pacific,SEX,SEX_MLE,2004,NA,NA,NA,NA,NA,NA,1.8,1.8,NA,NA,NA,2013-06-11T14:15:34+02:00,2004,2004-01-01T00:00:00+01:00,2004-12-31T00:00:00+01:00,Vanuatu,"Age-standardized death rates, violence, per 100,000",EN,Sex
4689702,SA_0000001455,COUNTRY,LSO,AFR,YEAR,Africa,SEX,SEX_FMLE,2004,NA,NA,NA,NA,NA,NA,0.1,0.1,NA,NA,NA,2013-06-11T14:15:34+02:00,2004,2004-01-01T00:00:00+01:00,2004-12-31T00:00:00+01:00,Lesotho,"Age-standardized death rates, violence, per 100,000",EN,Sex
3061952,SA_0000001455,COUNTRY,ARG,AMR,YEAR,Americas,SEX,SEX_FMLE,2004,NA,NA,NA,NA,NA,NA,0.4,0.4,NA,NA,NA,2013-06-11T14:15:34+02:00,2004,2004-01-01T00:00:00+01:00,2004-12-31T00:00:00+01:00,Argentina,"Age-standardized death rates, violence, per 100,000",EN,Sex
6514006,SA_0000001455,COUNTRY,IRL,EUR,YEAR,Europe,NA,NA,2002,NA,NA,NA,NA,NA,NA,1.02,1.02,NA,NA,NA,2013-06-11T14:15:34+02:00,2002,2002-01-01T00:00:00+01:00,2002-12-31T00:00:00+01:00,Ireland,"Age-standardized death rates, violence, per 100,000",EN,NA
3585880,SA_0000001455,COUNTRY,IND,SEAR,YEAR,South-East Asia,SEX,SEX_MLE,2004,NA,NA,NA,NA,NA,NA,8.6,8.6,NA,NA,NA,2013-06-11T14:15:34+02:00,2004,2004-01-01T00:00:00+01:00,2004-12-31T00:00:00+01:00,India,"Age-standardized death rates, violence, per 100,000",EN,Sex
5375020,SA_0000001455,COUNTRY,MCO,EUR,YEAR,Europe,NA,NA,2002,NA,NA,NA,NA,NA,NA,0.95,0.95,NA,NA,NA,2013-06-11T14:15:34+02:00,2002,2002-01-01T00:00:00+01:00,2002-12-31T00:00:00+01:00,Monaco,"Age-standardized death rates, violence, per 100,000",EN,NA
7212210,SA_0000001455,COUNTRY,PNG,WPR,YEAR,Western Pacific,SEX,SEX_MLE,2004,NA,NA,NA,NA,NA,NA,32.2,32.2,NA,NA,NA,2013-06-11T14:15:34+02:00,2004,2004-01-01T00:00:00+01:00,2004-12-31T00:00:00+01:00,Papua New Guinea,"Age-standardized death rates, violence, per 100,000",EN,Sex
8612863,SA_0000001455,COUNTRY,KHM,WPR,YEAR,Western Pacific,SEX,SEX_BTSX,2004,NA,NA,NA,NA,NA,NA,21.6,21.6,NA,NA,NA,2013-06-11T14:15:34+02:00,2004,2004-01-01T00:00:00+01:00,2004-12-31T00:00:00+01:00,Cambodia,"Age-standardized death rates, violence, per 100,000",EN,Sex
6289761,SA_0000001455,COUNTRY,MUS,AFR,YEAR,Africa,SEX,SEX_MLE,2004,NA,NA,NA,NA,NA,NA,4.2,4.2,NA,NA,NA,2013-06-11T14:15:34+02:00,2004,2004-01-01T00:00:00+01:00,2004-12-31T00:00:00+01:00,Mauritius,"Age-standardized death rates, violence, per 100,000",EN,Sex
3994083,SA_0000001455,COUNTRY,AUS,WPR,YEAR,Western Pacific,SEX,SEX_MLE,2004,NA,NA,NA,NA,NA,NA,1.8,1.8,NA,NA,NA,2013-06-11T14:15:34+02:00,2004,2004-01-01T00:00:00+01:00,2004-12-31T00:00:00+01:00,Australia,"Age-standardized death rates, violence, per 100,000",EN,Sex
4163591,SA_0000001455,COUNTRY,PRY,AMR,YEAR,Americas,SEX,SEX_FMLE,2004,NA,NA,NA,NA,NA,NA,0.1,0.1,NA,NA,NA,2013-06-11T14:15:34+02:00,2004,2004-01-01T00:00:00+01:00,2004-12-31T00:00:00+01:00,Paraguay,"Age-standardized death rates, violence, per 100,000",EN,Sex
5914490,SA_0000001455,COUNTRY,LKA,SEAR,YEAR,South-East Asia,SEX,SEX_FMLE,2004,NA,NA,NA,NA,NA,NA,0.2,0.2,NA,NA,NA,2013-06-11T14:15:34+02:00,2004,2004-01-01T00:00:00+01:00,2004-12-31T00:00:00+01:00,Sri Lanka,"Age-standardized death rates, violence, per 100,000",EN,Sex
2581660,SA_0000001455,COUNTRY,QAT,EMR,YEAR,Eastern Mediterranean,SEX,SEX_BTSX,2004,NA,NA,NA,NA,NA,NA,0.9,0.9,NA,NA,NA,2013-06-11T14:15:34+02:00,2004,2004-01-01T00:00:00+01:00,2004-12-31T00:00:00+01:00,Qatar,"Age-standardized death rates, violence, per 100,000",EN,Sex
7047352,SA_0000001455,COUNTRY,MDA,EUR,YEAR,Europe,SEX,SEX_FMLE,2004,NA,NA,NA,NA,NA,NA,0.1,0.1,NA,NA,NA,2013-06-11T14:15:34+02:00,2004,2004-01-01T00:00:00+01:00,2004-12-31T00:00:00+01:00,Republic of Moldova,"Age-standardized death rates, violence, per 100,000",EN,Sex
7212315,SA_0000001455,COUNTRY,MMR,SEAR,YEAR,South-East Asia,SEX,SEX_BTSX,2004,NA,NA,NA,NA,NA,NA,16.3,16.3,NA,NA,NA,2013-06-11T14:15:34+02:00,2004,2004-01-01T00:00:00+01:00,2004-12-31T00:00:00+01:00,Myanmar,"Age-standardized death rates, violence, per 100,000",EN,Sex
7848579,SA_0000001455,COUNTRY,SLE,AFR,YEAR,Africa,SEX,SEX_MLE,2004,NA,NA,NA,NA,NA,NA,71.2,71.2,NA,NA,NA,2013-06-11T14:15:34+02:00,2004,2004-01-01T00:00:00+01:00,2004-12-31T00:00:00+01:00,Sierra Leone,"Age-standardized death rates, violence, per 100,000",EN,Sex
3987565,SA_0000001455,COUNTRY,JPN,WPR,YEAR,Western Pacific,SEX,SEX_FMLE,2004,NA,NA,NA,NA,NA,NA,0.3,0.3,NA,NA,NA,2013-06-11T14:15:34+02:00,2004,2004-01-01T00:00:00+01:00,2004-12-31T00:00:00+01:00,Japan,"Age-standardized death rates, violence, per 100,000",EN,Sex
6322915,SA_0000001455,COUNTRY,ALB,EUR,YEAR,Europe,SEX,SEX_BTSX,2004,NA,NA,NA,NA,NA,NA,6.7,6.7,NA,NA,NA,2013-06-11T14:15:34+02:00,2004,2004-01-01T00:00:00+01:00,2004-12-31T00:00:00+01:00,Albania,"Age-standardized death rates, violence, per 100,000",EN,Sex
6388725,SA_0000001455,COUNTRY,TGO,AFR,YEAR,Africa,SEX,SEX_FMLE,2004,NA,NA,NA,NA,NA,NA,0.2,0.2,NA,NA,NA,2013-06-11T14:15:34+02:00,2004,2004-01-01T00:00:00+01:00,2004-12-31T00:00:00+01:00,Togo,"Age-standardized death rates, violence, per 100,000",EN,Sex
3275268,SA_0000001455,COUNTRY,OMN,EMR,YEAR,Eastern Mediterranean,SEX,SEX_MLE,2004,NA,NA,NA,NA,NA,NA,2.4,2.4,NA,NA,NA,2013-06-11T14:15:34+02:00,2004,2004-01-01T00:00:00+01:00,2004-12-31T00:00:00+01:00,Oman,"Age-standardized death rates, violence, per 100,000",EN,Sex
1909573,SA_0000001455,COUNTRY,GRC,EUR,YEAR,Europe,SEX,SEX_BTSX,2004,NA,NA,NA,NA,NA,NA,0.8,0.8,NA,NA,NA,2013-06-11T14:15:34+02:00,2004,2004-01-01T00:00:00+01:00,2004-12-31T00:00:00+01:00,Greece,"Age-standardized death rates, violence, per 100,000",EN,Sex
6961501,SA_0000001455,COUNTRY,PER,AMR,YEAR,Americas,SEX,SEX_FMLE,2004,NA,NA,NA,NA,NA,NA,0.2,0.2,NA,NA,NA,2013-06-11T14:15:34+02:00,2004,2004-01-01T00:00:00+01:00,2004-12-31T00:00:00+01:00,Peru,"Age-standardized death rates, violence, per 100,000",EN,Sex
2746156,SA_0000001455,COUNTRY,GAB,AFR,YEAR,Africa,SEX,SEX_BTSX,2004,NA,NA,NA,NA,NA,NA,18.7,18.7,NA,NA,NA,2013-06-11T14:15:34+02:00,2004,2004-01-01T00:00:00+01:00,2004-12-31T00:00:00+01:00,Gabon,"Age-standardized death rates, violence, per 100,000",EN,Sex
4072841,SA_0000001455,COUNTRY,DZA,AFR,YEAR,Africa,NA,NA,2002,NA,NA,NA,NA,NA,NA,13.10,13.1,NA,NA,NA,2013-06-11T14:15:34+02:00,2002,2002-01-01T00:00:00+01:00,2002-12-31T00:00:00+01:00,Algeria,"Age-standardized death rates, violence, per 100,000",EN,NA
9513888,SA_0000001455,COUNTRY,ZAF,AFR,YEAR,Africa,NA,NA,2002,NA,NA,NA,NA,NA,NA,45.61,45.61,NA,NA,NA,2013-06-11T14:15:34+02:00,2002,2002-01-01T00:00:00+01:00,2002-12-31T00:00:00+01:00,South Africa,"Age-standardized death rates, violence, per 100,000",EN,NA
3783091,SA_0000001455,COUNTRY,SYC,AFR,YEAR,Africa,NA,NA,2002,NA,NA,NA,NA,NA,NA,3.49,3.49,NA,NA,NA,2013-06-11T14:15:34+02:00,2002,2002-01-01T00:00:00+01:00,2002-12-31T00:00:00+01:00,Seychelles,"Age-standardized death rates, violence, per 100,000",EN,NA
7271829,SA_0000001455,COUNTRY,KOR,WPR,YEAR,Western Pacific,SEX,SEX_MLE,2004,NA,NA,NA,NA,NA,NA,2.1,2.1,NA,NA,NA,2013-06-11T14:15:34+02:00,2004,2004-01-01T00:00:00+01:00,2004-12-31T00:00:00+01:00,Republic of Korea,"Age-standardized death rates, violence, per 100,000",EN,Sex
6652951,SA_0000001455,COUNTRY,SWE,EUR,YEAR,Europe,NA,NA,2002,NA,NA,NA,NA,NA,NA,1.00,1,NA,NA,NA,2013-06-11T14:15:34+02:00,2002,2002-01-01T00:00:00+01:00,2002-12-31T00:00:00+01:00,Sweden,"Age-standardized death rates, violence, per 100,000",EN,NA
5684526,SA_0000001455,COUNTRY,OMN,EMR,YEAR,Eastern Mediterranean,SEX,SEX_FMLE,2004,NA,NA,NA,NA,NA,NA,0.0,0,NA,NA,NA,2013-06-11T14:15:34+02:00,2004,2004-01-01T00:00:00+01:00,2004-12-31T00:00:00+01:00,Oman,"Age-standardized death rates, violence, per 100,000",EN,Sex
7997755,SA_0000001455,COUNTRY,MWI,AFR,YEAR,Africa,NA,NA,2002,NA,NA,NA,NA,NA,NA,11.45,11.45,NA,NA,NA,2013-06-11T14:15:34+02:00,2002,2002-01-01T00:00:00+01:00,2002-12-31T00:00:00+01:00,Malawi,"Age-standardized death rates, violence, per 100,000",EN,NA
1468106,SA_0000001455,COUNTRY,BEN,AFR,YEAR,Africa,SEX,SEX_FMLE,2004,NA,NA,NA,NA,NA,NA,0.2,0.2,NA,NA,NA,2013-06-11T14:15:34+02:00,2004,2004-01-01T00:00:00+01:00,2004-12-31T00:00:00+01:00,Benin,"Age-standardized death rates, violence, per 100,000",EN,Sex
2581911,SA_0000001455,COUNTRY,CAF,AFR,YEAR,Africa,NA,NA,2002,NA,NA,NA,NA,NA,NA,28.60,28.6,NA,NA,NA,2013-06-11T14:15:34+02:00,2002,2002-01-01T00:00:00+01:00,2002-12-31T00:00:00+01:00,Central African Republic,"Age-standardized death rates, violence, per 100,000",EN,NA
4380444,SA_0000001455,COUNTRY,SLV,AMR,YEAR,Americas,SEX,SEX_MLE,2004,NA,NA,NA,NA,NA,NA,75.7,75.7,NA,NA,NA,2013-06-11T14:15:34+02:00,2004,2004-01-01T00:00:00+01:00,2004-12-31T00:00:00+01:00,El Salvador,"Age-standardized death rates, violence, per 100,000",EN,Sex
5934331,SA_0000001455,COUNTRY,IRL,EUR,YEAR,Europe,SEX,SEX_MLE,2004,NA,NA,NA,NA,NA,NA,1.1,1.1,NA,NA,NA,2013-06-11T14:15:34+02:00,2004,2004-01-01T00:00:00+01:00,2004-12-31T00:00:00+01:00,Ireland,"Age-standardized death rates, violence, per 100,000",EN,Sex
6606776,SA_0000001455,COUNTRY,TKM,EUR,YEAR,Europe,SEX,SEX_MLE,2004,NA,NA,NA,NA,NA,NA,17.0,17,NA,NA,NA,2013-06-11T14:15:34+02:00,2004,2004-01-01T00:00:00+01:00,2004-12-31T00:00:00+01:00,Turkmenistan,"Age-standardized death rates, violence, per 100,000",EN,Sex
5283039,SA_0000001455,COUNTRY,MAR,EMR,YEAR,Eastern Mediterranean,SEX,SEX_FMLE,2004,NA,NA,NA,NA,NA,NA,0.1,0.1,NA,NA,NA,2013-06-11T14:15:34+02:00,2004,2004-01-01T00:00:00+01:00,2004-12-31T00:00:00+01:00,Morocco,"Age-standardized death rates, violence, per 100,000",EN,Sex
2443898,SA_0000001455,COUNTRY,SLB,WPR,YEAR,Western Pacific,SEX,SEX_MLE,2004,NA,NA,NA,NA,NA,NA,1.7,1.7,NA,NA,NA,2013-06-11T14:15:34+02:00,2004,2004-01-01T00:00:00+01:00,2004-12-31T00:00:00+01:00,Solomon Islands,"Age-standardized death rates, violence, per 100,000",EN,Sex
3375429,SA_0000001455,COUNTRY,KNA,AMR,YEAR,Americas,SEX,SEX_FMLE,2004,NA,NA,NA,NA,NA,NA,0.0,0,NA,NA,NA,2013-06-11T14:15:34+02:00,2004,2004-01-01T00:00:00+01:00,2004-12-31T00:00:00+01:00,Saint Kitts and Nevis,"Age-standardized death rates, violence, per 100,000",EN,Sex
6026557,SA_0000001455,COUNTRY,PRK,SEAR,YEAR,South-East Asia,SEX,SEX_MLE,2004,NA,NA,NA,NA,NA,NA,32.6,32.6,NA,NA,NA,2013-06-11T14:15:34+02:00,2004,2004-01-01T00:00:00+01:00,2004-12-31T00:00:00+01:00,Democratic People's Republic of Korea,"Age-standardized death rates, violence, per 100,000",EN,Sex
2700077,SA_0000001455,COUNTRY,CHN,WPR,YEAR,Western Pacific,NA,NA,2002,NA,NA,NA,NA,NA,NA,2.84,2.84,NA,NA,NA,2013-06-11T14:15:34+02:00,2002,2002-01-01T00:00:00+01:00,2002-12-31T00:00:00+01:00,China,"Age-standardized death rates, violence, per 100,000",EN,NA
2318590,SA_0000001455,COUNTRY,COD,AFR,YEAR,Africa,SEX,SEX_FMLE,2004,NA,NA,NA,NA,NA,NA,2.4,2.4,NA,NA,NA,2013-06-11T14:15:34+02:00,2004,2004-01-01T00:00:00+01:00,2004-12-31T00:00:00+01:00,Democratic Republic of the Congo,"Age-standardized death rates, violence, per 100,000",EN,Sex
4611098,SA_0000001455,COUNTRY,FRA,EUR,YEAR,Europe,SEX,SEX_BTSX,2004,NA,NA,NA,NA,NA,NA,0.8,0.8,NA,NA,NA,2013-06-11T14:15:34+02:00,2004,2004-01-01T00:00:00+01:00,2004-12-31T00:00:00+01:00,France,"Age-standardized death rates, violence, per 100,000",EN,Sex
9415289,SA_0000001455,COUNTRY,GEO,EUR,YEAR,Europe,NA,NA,2002,NA,NA,NA,NA,NA,NA,3.50,3.5,NA,NA,NA,2013-06-11T14:15:34+02:00,2002,2002-01-01T00:00:00+01:00,2002-12-31T00:00:00+01:00,Georgia,"Age-standardized death rates, violence, per 100,000",EN,NA
9474647,SA_0000001455,COUNTRY,CAN,AMR,YEAR,Americas,NA,NA,2002,NA,NA,NA,NA,NA,NA,1.45,1.45,NA,NA,NA,2013-06-11T14:15:34+02:00,2002,2002-01-01T00:00:00+01:00,2002-12-31T00:00:00+01:00,Canada,"Age-standardized death rates, violence, per 100,000",EN,NA
4073095,SA_0000001455,COUNTRY,KEN,AFR,YEAR,Africa,NA,NA,2002,NA,NA,NA,NA,NA,NA,18.18,18.18,NA,NA,NA,2013-06-11T14:15:34+02:00,2002,2002-01-01T00:00:00+01:00,2002-12-31T00:00:00+01:00,Kenya,"Age-standardized death rates, violence, per 100,000",EN,NA
8567110,SA_0000001455,COUNTRY,GIN,AFR,YEAR,Africa,SEX,SEX_MLE,2004,NA,NA,NA,NA,NA,NA,32.4,32.4,NA,NA,NA,2013-06-11T14:15:34+02:00,2004,2004-01-01T00:00:00+01:00,2004-12-31T00:00:00+01:00,Guinea,"Age-standardized death rates, violence, per 100,000",EN,Sex
6224500,SA_0000001455,COUNTRY,KEN,AFR,YEAR,Africa,SEX,SEX_BTSX,2004,NA,NA,NA,NA,NA,NA,26.3,26.3,NA,NA,NA,2013-06-11T14:15:34+02:00,2004,2004-01-01T00:00:00+01:00,2004-12-31T00:00:00+01:00,Kenya,"Age-standardized death rates, violence, per 100,000",EN,Sex
1659327,SA_0000001455,COUNTRY,BLZ,AMR,YEAR,Americas,SEX,SEX_BTSX,2004,NA,NA,NA,NA,NA,NA,28.0,28,NA,NA,NA,2013-06-11T14:15:34+02:00,2004,2004-01-01T00:00:00+01:00,2004-12-31T00:00:00+01:00,Belize,"Age-standardized death rates, violence, per 100,000",EN,Sex
5052182,SA_0000001455,COUNTRY,MMR,SEAR,YEAR,South-East Asia,NA,NA,2002,NA,NA,NA,NA,NA,NA,18.51,18.51,NA,NA,NA,2013-06-11T14:15:34+02:00,2002,2002-01-01T00:00:00+01:00,2002-12-31T00:00:00+01:00,Myanmar,"Age-standardized death rates, violence, per 100,000",EN,NA
3441055,SA_0000001455,COUNTRY,ERI,AFR,YEAR,Africa,NA,NA,2002,NA,NA,NA,NA,NA,NA,9.64,9.64,NA,NA,NA,2013-06-11T14:15:34+02:00,2002,2002-01-01T00:00:00+01:00,2002-12-31T00:00:00+01:00,Eritrea,"Age-standardized death rates, violence, per 100,000",EN,NA
1817407,SA_0000001455,COUNTRY,MKD,EUR,YEAR,Europe,SEX,SEX_MLE,2004,NA,NA,NA,NA,NA,NA,8.5,8.5,NA,NA,NA,2013-06-11T14:15:34+02:00,2004,2004-01-01T00:00:00+01:00,2004-12-31T00:00:00+01:00,North Macedonia,"Age-standardized death rates, violence, per 100,000",EN,Sex
1277753,SA_0000001455,COUNTRY,GMB,AFR,YEAR,Africa,NA,NA,2002,NA,NA,NA,NA,NA,NA,11.82,11.82,NA,NA,NA,2013-06-11T14:15:34+02:00,2002,2002-01-01T00:00:00+01:00,2002-12-31T00:00:00+01:00,Gambia,"Age-standardized death rates, violence, per 100,000",EN,NA
1586768,SA_0000001455,COUNTRY,BLZ,AMR,YEAR,Americas,SEX,SEX_MLE,2004,NA,NA,NA,NA,NA,NA,51.0,51,NA,NA,NA,2013-06-11T14:15:34+02:00,2004,2004-01-01T00:00:00+01:00,2004-12-31T00:00:00+01:00,Belize,"Age-standardized death rates, violence, per 100,000",EN,Sex
9652838,SA_0000001455,COUNTRY,CIV,AFR,YEAR,Africa,SEX,SEX_FMLE,2004,NA,NA,NA,NA,NA,NA,1.4,1.4,NA,NA,NA,2013-06-11T14:15:34+02:00,2004,2004-01-01T00:00:00+01:00,2004-12-31T00:00:00+01:00,Cote d'Ivoire,"Age-standardized death rates, violence, per 100,000",EN,Sex
4512579,SA_0000001455,COUNTRY,BDI,AFR,YEAR,Africa,SEX,SEX_FMLE,2004,NA,NA,NA,NA,NA,NA,0.3,0.3,NA,NA,NA,2013-06-11T14:15:34+02:00,2004,2004-01-01T00:00:00+01:00,2004-12-31T00:00:00+01:00,Burundi,"Age-standardized death rates, violence, per 100,000",EN,Sex
2990000,SA_0000001455,COUNTRY,VUT,WPR,YEAR,Western Pacific,SEX,SEX_FMLE,2004,NA,NA,NA,NA,NA,NA,0.0,0,NA,NA,NA,2013-06-11T14:15:34+02:00,2004,2004-01-01T00:00:00+01:00,2004-12-31T00:00:00+01:00,Vanuatu,"Age-standardized death rates, violence, per 100,000",EN,Sex
7763373,SA_0000001455,COUNTRY,SYR,EMR,YEAR,Eastern Mediterranean,NA,NA,2002,NA,NA,NA,NA,NA,NA,3.16,3.16,NA,NA,NA,2013-06-11T14:15:34+02:00,2002,2002-01-01T00:00:00+01:00,2002-12-31T00:00:00+01:00,Syrian Arab Republic,"Age-standardized death rates, violence, per 100,000",EN,NA
8113857,SA_0000001455,COUNTRY,MOZ,AFR,YEAR,Africa,SEX,SEX_MLE,2004,NA,NA,NA,NA,NA,NA,43.8,43.8,NA,NA,NA,2013-06-11T14:15:34+02:00,2004,2004-01-01T00:00:00+01:00,2004-12-31T00:00:00+01:00,Mozambique,"Age-standardized death rates, violence, per 100,000",EN,Sex
6580668,SA_0000001455,COUNTRY,KEN,AFR,YEAR,Africa,SEX,SEX_FMLE,2004,NA,NA,NA,NA,NA,NA,1.4,1.4,NA,NA,NA,2013-06-11T14:15:34+02:00,2004,2004-01-01T00:00:00+01:00,2004-12-31T00:00:00+01:00,Kenya,"Age-standardized death rates, violence, per 100,000",EN,Sex
1910019,SA_0000001455,COUNTRY,ITA,EUR,YEAR,Europe,SEX,SEX_MLE,2004,NA,NA,NA,NA,NA,NA,1.3,1.3,NA,NA,NA,2013-06-11T14:15:34+02:00,2004,2004-01-01T00:00:00+01:00,2004-12-31T00:00:00+01:00,Italy,"Age-standardized death rates, violence, per 100,000",EN,Sex
8613423,SA_0000001455,COUNTRY,LBN,EMR,YEAR,Eastern Mediterranean,NA,NA,2002,NA,NA,NA,NA,NA,NA,2.99,2.99,NA,NA,NA,2013-06-11T14:15:34+02:00,2002,2002-01-01T00:00:00+01:00,2002-12-31T00:00:00+01:00,Lebanon,"Age-standardized death rates, violence, per 100,000",EN,NA
1745118,SA_0000001455,COUNTRY,DOM,AMR,YEAR,Americas,SEX,SEX_MLE,2004,NA,NA,NA,NA,NA,NA,33.7,33.7,NA,NA,NA,2013-06-11T14:15:34+02:00,2004,2004-01-01T00:00:00+01:00,2004-12-31T00:00:00+01:00,Dominican Republic,"Age-standardized death rates, violence, per 100,000",EN,Sex
8463148,SA_0000001455,COUNTRY,ERI,AFR,YEAR,Africa,SEX,SEX_FMLE,2004,NA,NA,NA,NA,NA,NA,0.1,0.1,NA,NA,NA,2013-06-11T14:15:34+02:00,2004,2004-01-01T00:00:00+01:00,2004-12-31T00:00:00+01:00,Eritrea,"Age-standardized death rates, violence, per 100,000",EN,Sex
7226043,SA_0000001455,COUNTRY,UGA,AFR,YEAR,Africa,SEX,SEX_BTSX,2004,NA,NA,NA,NA,NA,NA,33.1,33.1,NA,NA,NA,2013-06-11T14:15:34+02:00,2004,2004-01-01T00:00:00+01:00,2004-12-31T00:00:00+01:00,Uganda,"Age-standardized death rates, violence, per 100,000",EN,Sex
5678283,SA_0000001455,COUNTRY,BLZ,AMR,YEAR,Americas,SEX,SEX_FMLE,2004,NA,NA,NA,NA,NA,NA,0.0,0,NA,NA,NA,2013-06-11T14:15:34+02:00,2004,2004-01-01T00:00:00+01:00,2004-12-31T00:00:00+01:00,Belize,"Age-standardized death rates, violence, per 100,000",EN,Sex
5882308,SA_0000001455,COUNTRY,YEM,EMR,YEAR,Eastern Mediterranean,NA,NA,2002,NA,NA,NA,NA,NA,NA,3.08,3.08,NA,NA,NA,2013-06-11T14:15:34+02:00,2002,2002-01-01T00:00:00+01:00,2002-12-31T00:00:00+01:00,Yemen,"Age-standardized death rates, violence, per 100,000",EN,NA
8334476,SA_0000001455,COUNTRY,GHA,AFR,YEAR,Africa,NA,NA,2002,NA,NA,NA,NA,NA,NA,10.68,10.68,NA,NA,NA,2013-06-11T14:15:34+02:00,2002,2002-01-01T00:00:00+01:00,2002-12-31T00:00:00+01:00,Ghana,"Age-standardized death rates, violence, per 100,000",EN,NA
6778656,SA_0000001455,COUNTRY,PHL,WPR,YEAR,Western Pacific,SEX,SEX_FMLE,2004,NA,NA,NA,NA,NA,NA,1.5,1.5,NA,NA,NA,2013-06-11T14:15:34+02:00,2004,2004-01-01T00:00:00+01:00,2004-12-31T00:00:00+01:00,Philippines,"Age-standardized death rates, violence, per 100,000",EN,Sex
7605735,SA_0000001455,COUNTRY,PLW,WPR,YEAR,Western Pacific,SEX,SEX_MLE,2004,NA,NA,NA,NA,NA,NA,1.5,1.5,NA,NA,NA,2013-06-11T14:15:34+02:00,2004,2004-01-01T00:00:00+01:00,2004-12-31T00:00:00+01:00,Palau,"Age-standardized death rates, violence, per 100,000",EN,Sex
7021491,SA_0000001455,COUNTRY,FRA,EUR,YEAR,Europe,SEX,SEX_MLE,2004,NA,NA,NA,NA,NA,NA,0.9,0.9,NA,NA,NA,2013-06-11T14:15:34+02:00,2004,2004-01-01T00:00:00+01:00,2004-12-31T00:00:00+01:00,France,"Age-standardized death rates, violence, per 100,000",EN,Sex
9686008,SA_0000001455,COUNTRY,MYS,WPR,YEAR,Western Pacific,SEX,SEX_FMLE,2004,NA,NA,NA,NA,NA,NA,0.3,0.3,NA,NA,NA,2013-06-11T14:15:34+02:00,2004,2004-01-01T00:00:00+01:00,2004-12-31T00:00:00+01:00,Malaysia,"Age-standardized death rates, violence, per 100,000",EN,Sex
2693807,SA_0000001455,COUNTRY,FSM,WPR,YEAR,Western Pacific,SEX,SEX_BTSX,2004,NA,NA,NA,NA,NA,NA,0.8,0.8,NA,NA,NA,2013-06-11T14:15:34+02:00,2004,2004-01-01T00:00:00+01:00,2004-12-31T00:00:00+01:00,Micronesia (Federated States of),"Age-standardized death rates, violence, per 100,000",EN,Sex
3705065,SA_0000001455,COUNTRY,URY,AMR,YEAR,Americas,SEX,SEX_BTSX,2004,NA,NA,NA,NA,NA,NA,4.9,4.9,NA,NA,NA,2013-06-11T14:15:34+02:00,2004,2004-01-01T00:00:00+01:00,2004-12-31T00:00:00+01:00,Uruguay,"Age-standardized death rates, violence, per 100,000",EN,Sex
2299094,SA_0000001455,COUNTRY,PNG,WPR,YEAR,Western Pacific,SEX,SEX_FMLE,2004,NA,NA,NA,NA,NA,NA,0.1,0.1,NA,NA,NA,2013-06-11T14:15:34+02:00,2004,2004-01-01T00:00:00+01:00,2004-12-31T00:00:00+01:00,Papua New Guinea,"Age-standardized death rates, violence, per 100,000",EN,Sex
2431068,SA_0000001455,COUNTRY,KOR,WPR,YEAR,Western Pacific,SEX,SEX_BTSX,2004,NA,NA,NA,NA,NA,NA,2.0,2,NA,NA,NA,2013-06-11T14:15:34+02:00,2004,2004-01-01T00:00:00+01:00,2004-12-31T00:00:00+01:00,Republic of Korea,"Age-standardized death rates, violence, per 100,000",EN,Sex
2674041,SA_0000001455,COUNTRY,ROU,EUR,YEAR,Europe,SEX,SEX_MLE,2004,NA,NA,NA,NA,NA,NA,4.1,4.1,NA,NA,NA,2013-06-11T14:15:34+02:00,2004,2004-01-01T00:00:00+01:00,2004-12-31T00:00:00+01:00,Romania,"Age-standardized death rates, violence, per 100,000",EN,Sex
6033497,SA_0000001455,COUNTRY,IND,SEAR,YEAR,South-East Asia,NA,NA,2002,NA,NA,NA,NA,NA,NA,6.58,6.58,NA,NA,NA,2013-06-11T14:15:34+02:00,2002,2002-01-01T00:00:00+01:00,2002-12-31T00:00:00+01:00,India,"Age-standardized death rates, violence, per 100,000",EN,NA
9152806,SA_0000001455,COUNTRY,DJI,EMR,YEAR,Eastern Mediterranean,SEX,SEX_MLE,2004,NA,NA,NA,NA,NA,NA,7.1,7.1,NA,NA,NA,2013-06-11T14:15:34+02:00,2004,2004-01-01T00:00:00+01:00,2004-12-31T00:00:00+01:00,Djibouti,"Age-standardized death rates, violence, per 100,000",EN,Sex
3375811,SA_0000001455,COUNTRY,GUY,AMR,YEAR,Americas,SEX,SEX_BTSX,2004,NA,NA,NA,NA,NA,NA,23.8,23.8,NA,NA,NA,2013-06-11T14:15:34+02:00,2004,2004-01-01T00:00:00+01:00,2004-12-31T00:00:00+01:00,Guyana,"Age-standardized death rates, violence, per 100,000",EN,Sex
6922539,SA_0000001455,COUNTRY,MEX,AMR,YEAR,Americas,SEX,SEX_FMLE,2004,NA,NA,NA,NA,NA,NA,1.3,1.3,NA,NA,NA,2013-06-11T14:15:34+02:00,2004,2004-01-01T00:00:00+01:00,2004-12-31T00:00:00+01:00,Mexico,"Age-standardized death rates, violence, per 100,000",EN,Sex
3652706,SA_0000001455,COUNTRY,BOL,AMR,YEAR,Americas,SEX,SEX_FMLE,2004,NA,NA,NA,NA,NA,NA,0.1,0.1,NA,NA,NA,2013-06-11T14:15:34+02:00,2004,2004-01-01T00:00:00+01:00,2004-12-31T00:00:00+01:00,Bolivia (Plurinational State of),"Age-standardized death rates, violence, per 100,000",EN,Sex
7140372,SA_0000001455,COUNTRY,COG,AFR,YEAR,Africa,SEX,SEX_MLE,2004,NA,NA,NA,NA,NA,NA,39.1,39.1,NA,NA,NA,2013-06-11T14:15:34+02:00,2004,2004-01-01T00:00:00+01:00,2004-12-31T00:00:00+01:00,Congo,"Age-standardized death rates, violence, per 100,000",EN,Sex
2398163,SA_0000001455,COUNTRY,SOM,EMR,YEAR,Eastern Mediterranean,SEX,SEX_MLE,2004,NA,NA,NA,NA,NA,NA,2.4,2.4,NA,NA,NA,2013-06-11T14:15:34+02:00,2004,2004-01-01T00:00:00+01:00,2004-12-31T00:00:00+01:00,Somalia,"Age-standardized death rates, violence, per 100,000",EN,Sex
4466563,SA_0000001455,COUNTRY,GIN,AFR,YEAR,Africa,SEX,SEX_BTSX,2004,NA,NA,NA,NA,NA,NA,20.5,20.5,NA,NA,NA,2013-06-11T14:15:34+02:00,2004,2004-01-01T00:00:00+01:00,2004-12-31T00:00:00+01:00,Guinea,"Age-standardized death rates, violence, per 100,000",EN,Sex
9284507,SA_0000001455,COUNTRY,BIH,EUR,YEAR,Europe,NA,NA,2002,NA,NA,NA,NA,NA,NA,1.89,1.89,NA,NA,NA,2013-06-11T14:15:34+02:00,2002,2002-01-01T00:00:00+01:00,2002-12-31T00:00:00+01:00,Bosnia and Herzegovina,"Age-standardized death rates, violence, per 100,000",EN,NA
5342776,SA_0000001455,COUNTRY,VCT,AMR,YEAR,Americas,SEX,SEX_MLE,2004,NA,NA,NA,NA,NA,NA,29.5,29.5,NA,NA,NA,2013-06-11T14:15:34+02:00,2004,2004-01-01T00:00:00+01:00,2004-12-31T00:00:00+01:00,Saint Vincent and the Grenadines,"Age-standardized death rates, violence, per 100,000",EN,Sex
9119826,SA_0000001455,COUNTRY,DNK,EUR,YEAR,Europe,SEX,SEX_MLE,2004,NA,NA,NA,NA,NA,NA,1.2,1.2,NA,NA,NA,2013-06-11T14:15:34+02:00,2004,2004-01-01T00:00:00+01:00,2004-12-31T00:00:00+01:00,Denmark,"Age-standardized death rates, violence, per 100,000",EN,Sex
5026033,SA_0000001455,COUNTRY,SVN,EUR,YEAR,Europe,SEX,SEX_BTSX,2004,NA,NA,NA,NA,NA,NA,1.9,1.9,NA,NA,NA,2013-06-11T14:15:34+02:00,2004,2004-01-01T00:00:00+01:00,2004-12-31T00:00:00+01:00,Slovenia,"Age-standardized death rates, violence, per 100,000",EN,Sex
5573183,SA_0000001455,COUNTRY,TUV,WPR,YEAR,Western Pacific,SEX,SEX_MLE,2004,NA,NA,NA,NA,NA,NA,3.3,3.3,NA,NA,NA,2013-06-11T14:15:34+02:00,2004,2004-01-01T00:00:00+01:00,2004-12-31T00:00:00+01:00,Tuvalu,"Age-standardized death rates, violence, per 100,000",EN,Sex
4034001,SA_0000001455,COUNTRY,DOM,AMR,YEAR,Americas,NA,NA,2002,NA,NA,NA,NA,NA,NA,11.19,11.19,NA,NA,NA,2013-06-11T14:15:34+02:00,2002,2002-01-01T00:00:00+01:00,2002-12-31T00:00:00+01:00,Dominican Republic,"Age-standardized death rates, violence, per 100,000",EN,NA
8160265,SA_0000001455,COUNTRY,CIV,AFR,YEAR,Africa,SEX,SEX_BTSX,2004,NA,NA,NA,NA,NA,NA,62.4,62.4,NA,NA,NA,2013-06-11T14:15:34+02:00,2004,2004-01-01T00:00:00+01:00,2004-12-31T00:00:00+01:00,Cote d'Ivoire,"Age-standardized death rates, violence, per 100,000",EN,Sex
6541247,SA_0000001455,COUNTRY,BGD,SEAR,YEAR,South-East Asia,SEX,SEX_MLE,2004,NA,NA,NA,NA,NA,NA,13.8,13.8,NA,NA,NA,2013-06-11T14:15:34+02:00,2004,2004-01-01T00:00:00+01:00,2004-12-31T00:00:00+01:00,Bangladesh,"Age-standardized death rates, violence, per 100,000",EN,Sex
5342823,SA_0000001455,COUNTRY,CUB,AMR,YEAR,Americas,NA,NA,2002,NA,NA,NA,NA,NA,NA,4.99,4.99,NA,NA,NA,2013-06-11T14:15:34+02:00,2002,2002-01-01T00:00:00+01:00,2002-12-31T00:00:00+01:00,Cuba,"Age-standardized death rates, violence, per 100,000",EN,NA
7506889,SA_0000001455,COUNTRY,LUX,EUR,YEAR,Europe,SEX,SEX_BTSX,2004,NA,NA,NA,NA,NA,NA,1.2,1.2,NA,NA,NA,2013-06-11T14:15:34+02:00,2004,2004-01-01T00:00:00+01:00,2004-12-31T00:00:00+01:00,Luxembourg,"Age-standardized death rates, violence, per 100,000",EN,Sex
7899509,SA_0000001455,COUNTRY,TLS,SEAR,YEAR,South-East Asia,SEX,SEX_FMLE,2004,NA,NA,NA,NA,NA,NA,0.0,0,NA,NA,NA,2013-06-11T14:15:34+02:00,2004,2004-01-01T00:00:00+01:00,2004-12-31T00:00:00+01:00,Timor-Leste,"Age-standardized death rates, violence, per 100,000",EN,Sex
8607071,SA_0000001455,COUNTRY,COM,AFR,YEAR,Africa,NA,NA,2002,NA,NA,NA,NA,NA,NA,8.97,8.97,NA,NA,NA,2013-06-11T14:15:34+02:00,2002,2002-01-01T00:00:00+01:00,2002-12-31T00:00:00+01:00,Comoros,"Age-standardized death rates, violence, per 100,000",EN,NA
4664181,SA_0000001455,COUNTRY,NER,AFR,YEAR,Africa,SEX,SEX_FMLE,2004,NA,NA,NA,NA,NA,NA,0.4,0.4,NA,NA,NA,2013-06-11T14:15:34+02:00,2004,2004-01-01T00:00:00+01:00,2004-12-31T00:00:00+01:00,Niger,"Age-standardized death rates, violence, per 100,000",EN,Sex
1811249,SA_0000001455,COUNTRY,RUS,EUR,YEAR,Europe,SEX,SEX_FMLE,2004,NA,NA,NA,NA,NA,NA,10.1,10.1,NA,NA,NA,2013-06-11T14:15:34+02:00,2004,2004-01-01T00:00:00+01:00,2004-12-31T00:00:00+01:00,Russian Federation,"Age-standardized death rates, violence, per 100,000",EN,Sex
5448525,SA_0000001455,COUNTRY,URY,AMR,YEAR,Americas,SEX,SEX_MLE,2004,NA,NA,NA,NA,NA,NA,7.4,7.4,NA,NA,NA,2013-06-11T14:15:34+02:00,2004,2004-01-01T00:00:00+01:00,2004-12-31T00:00:00+01:00,Uruguay,"Age-standardized death rates, violence, per 100,000",EN,Sex
8574124,SA_0000001455,COUNTRY,TJK,EUR,YEAR,Europe,SEX,SEX_BTSX,2004,NA,NA,NA,NA,NA,NA,3.3,3.3,NA,NA,NA,2013-06-11T14:15:34+02:00,2004,2004-01-01T00:00:00+01:00,2004-12-31T00:00:00+01:00,Tajikistan,"Age-standardized death rates, violence, per 100,000",EN,Sex
2727074,SA_0000001455,COUNTRY,KGZ,EUR,YEAR,Europe,SEX,SEX_FMLE,2004,NA,NA,NA,NA,NA,NA,0.1,0.1,NA,NA,NA,2013-06-11T14:15:34+02:00,2004,2004-01-01T00:00:00+01:00,2004-12-31T00:00:00+01:00,Kyrgyzstan,"Age-standardized death rates, violence, per 100,000",EN,Sex
9264816,SA_0000001455,COUNTRY,BWA,AFR,YEAR,Africa,SEX,SEX_BTSX,2004,NA,NA,NA,NA,NA,NA,24.2,24.2,NA,NA,NA,2013-06-11T14:15:34+02:00,2004,2004-01-01T00:00:00+01:00,2004-12-31T00:00:00+01:00,Botswana,"Age-standardized death rates, violence, per 100,000",EN,Sex
5085684,SA_0000001455,COUNTRY,TON,WPR,YEAR,Western Pacific,NA,NA,2002,NA,NA,NA,NA,NA,NA,0.71,0.71,NA,NA,NA,2013-06-11T14:15:34+02:00,2002,2002-01-01T00:00:00+01:00,2002-12-31T00:00:00+01:00,Tonga,"Age-standardized death rates, violence, per 100,000",EN,NA
9791476,SA_0000001455,COUNTRY,BRA,AMR,YEAR,Americas,SEX,SEX_BTSX,2004,NA,NA,NA,NA,NA,NA,29.9,29.9,NA,NA,NA,2013-06-11T14:15:34+02:00,2004,2004-01-01T00:00:00+01:00,2004-12-31T00:00:00+01:00,Brazil,"Age-standardized death rates, violence, per 100,000",EN,Sex
4014730,SA_0000001455,COUNTRY,SMR,EUR,YEAR,Europe,NA,NA,2002,NA,NA,NA,NA,NA,NA,0.00,0,NA,NA,NA,2013-06-11T14:15:34+02:00,2002,2002-01-01T00:00:00+01:00,2002-12-31T00:00:00+01:00,San Marino,"Age-standardized death rates, violence, per 100,000",EN,NA
8489856,SA_0000001455,COUNTRY,UGA,AFR,YEAR,Africa,NA,NA,2002,NA,NA,NA,NA,NA,NA,27.86,27.86,NA,NA,NA,2013-06-11T14:15:34+02:00,2002,2002-01-01T00:00:00+01:00,2002-12-31T00:00:00+01:00,Uganda,"Age-standardized death rates, violence, per 100,000",EN,NA
9021183,SA_0000001455,COUNTRY,ISL,EUR,YEAR,Europe,SEX,SEX_MLE,2004,NA,NA,NA,NA,NA,NA,1.2,1.2,NA,NA,NA,2013-06-11T14:15:34+02:00,2004,2004-01-01T00:00:00+01:00,2004-12-31T00:00:00+01:00,Iceland,"Age-standardized death rates, violence, per 100,000",EN,Sex
1396535,SA_0000001455,COUNTRY,DEU,EUR,YEAR,Europe,SEX,SEX_BTSX,2004,NA,NA,NA,NA,NA,NA,0.7,0.7,NA,NA,NA,2013-06-11T14:15:34+02:00,2004,2004-01-01T00:00:00+01:00,2004-12-31T00:00:00+01:00,Germany,"Age-standardized death rates, violence, per 100,000",EN,Sex
6481934,SA_0000001455,COUNTRY,RWA,AFR,YEAR,Africa,SEX,SEX_FMLE,2004,NA,NA,NA,NA,NA,NA,0.5,0.5,NA,NA,NA,2013-06-11T14:15:34+02:00,2004,2004-01-01T00:00:00+01:00,2004-12-31T00:00:00+01:00,Rwanda,"Age-standardized death rates, violence, per 100,000",EN,Sex
6759149,SA_0000001455,COUNTRY,DMA,AMR,YEAR,Americas,SEX,SEX_BTSX,2004,NA,NA,NA,NA,NA,NA,9.8,9.8,NA,NA,NA,2013-06-11T14:15:34+02:00,2004,2004-01-01T00:00:00+01:00,2004-12-31T00:00:00+01:00,Dominica,"Age-standardized death rates, violence, per 100,000",EN,Sex
9567757,SA_0000001455,COUNTRY,SYR,EMR,YEAR,Eastern Mediterranean,SEX,SEX_FMLE,2004,NA,NA,NA,NA,NA,NA,0.1,0.1,NA,NA,NA,2013-06-11T14:15:34+02:00,2004,2004-01-01T00:00:00+01:00,2004-12-31T00:00:00+01:00,Syrian Arab Republic,"Age-standardized death rates, violence, per 100,000",EN,Sex
9574318,SA_0000001455,COUNTRY,TUV,WPR,YEAR,Western Pacific,NA,NA,2002,NA,NA,NA,NA,NA,NA,2.15,2.15,NA,NA,NA,2013-06-11T14:15:34+02:00,2002,2002-01-01T00:00:00+01:00,2002-12-31T00:00:00+01:00,Tuvalu,"Age-standardized death rates, violence, per 100,000",EN,NA
6706243,SA_0000001455,COUNTRY,GRC,EUR,YEAR,Europe,NA,NA,2002,NA,NA,NA,NA,NA,NA,1.01,1.01,NA,NA,NA,2013-06-11T14:15:34+02:00,2002,2002-01-01T00:00:00+01:00,2002-12-31T00:00:00+01:00,Greece,"Age-standardized death rates, violence, per 100,000",EN,NA
3441555,SA_0000001455,COUNTRY,ARE,EMR,YEAR,Eastern Mediterranean,SEX,SEX_BTSX,2004,NA,NA,NA,NA,NA,NA,0.5,0.5,NA,NA,NA,2013-06-11T14:15:34+02:00,2004,2004-01-01T00:00:00+01:00,2004-12-31T00:00:00+01:00,United Arab Emirates,"Age-standardized death rates, violence, per 100,000",EN,Sex
8354607,SA_0000001455,COUNTRY,NPL,SEAR,YEAR,South-East Asia,NA,NA,2002,NA,NA,NA,NA,NA,NA,18.82,18.82,NA,NA,NA,2013-06-11T14:15:34+02:00,2002,2002-01-01T00:00:00+01:00,2002-12-31T00:00:00+01:00,Nepal,"Age-standardized death rates, violence, per 100,000",EN,NA
9646952,SA_0000001455,COUNTRY,LSO,AFR,YEAR,Africa,NA,NA,2002,NA,NA,NA,NA,NA,NA,8.59,8.59,NA,NA,NA,2013-06-11T14:15:34+02:00,2002,2002-01-01T00:00:00+01:00,2002-12-31T00:00:00+01:00,Lesotho,"Age-standardized death rates, violence, per 100,000",EN,NA
4361552,SA_0000001455,COUNTRY,IRN,EMR,YEAR,Eastern Mediterranean,SEX,SEX_MLE,2004,NA,NA,NA,NA,NA,NA,4.4,4.4,NA,NA,NA,2013-06-11T14:15:34+02:00,2004,2004-01-01T00:00:00+01:00,2004-12-31T00:00:00+01:00,Iran (Islamic Republic of),"Age-standardized death rates, violence, per 100,000",EN,Sex
6066809,SA_0000001455,COUNTRY,ARM,EUR,YEAR,Europe,SEX,SEX_BTSX,2004,NA,NA,NA,NA,NA,NA,3.2,3.2,NA,NA,NA,2013-06-11T14:15:34+02:00,2004,2004-01-01T00:00:00+01:00,2004-12-31T00:00:00+01:00,Armenia,"Age-standardized death rates, violence, per 100,000",EN,Sex
20149,SA_0000001455,COUNTRY,HND,AMR,YEAR,Americas,SEX,SEX_MLE,2004,NA,NA,NA,NA,NA,NA,46.7,46.7,NA,NA,NA,2013-06-11T14:15:34+02:00,2004,2004-01-01T00:00:00+01:00,2004-12-31T00:00:00+01:00,Honduras,"Age-standardized death rates, violence, per 100,000",EN,Sex
2687562,SA_0000001455,COUNTRY,NER,AFR,YEAR,Africa,SEX,SEX_MLE,2004,NA,NA,NA,NA,NA,NA,45.1,45.1,NA,NA,NA,2013-06-11T14:15:34+02:00,2004,2004-01-01T00:00:00+01:00,2004-12-31T00:00:00+01:00,Niger,"Age-standardized death rates, violence, per 100,000",EN,Sex
3376137,SA_0000001455,COUNTRY,PHL,WPR,YEAR,Western Pacific,NA,NA,2002,NA,NA,NA,NA,NA,NA,24.88,24.88,NA,NA,NA,2013-06-11T14:15:34+02:00,2002,2002-01-01T00:00:00+01:00,2002-12-31T00:00:00+01:00,Philippines,"Age-standardized death rates, violence, per 100,000",EN,NA
5678714,SA_0000001455,COUNTRY,NIU,WPR,YEAR,Western Pacific,SEX,SEX_MLE,2004,NA,NA,NA,NA,NA,NA,1.8,1.8,NA,NA,NA,2013-06-11T14:15:34+02:00,2004,2004-01-01T00:00:00+01:00,2004-12-31T00:00:00+01:00,Niue,"Age-standardized death rates, violence, per 100,000",EN,Sex
8321663,SA_0000001455,COUNTRY,TTO,AMR,YEAR,Americas,SEX,SEX_FMLE,2004,NA,NA,NA,NA,NA,NA,0.1,0.1,NA,NA,NA,2013-06-11T14:15:34+02:00,2004,2004-01-01T00:00:00+01:00,2004-12-31T00:00:00+01:00,Trinidad and Tobago,"Age-standardized death rates, violence, per 100,000",EN,Sex
6225099,SA_0000001455,COUNTRY,PAK,EMR,YEAR,Eastern Mediterranean,SEX,SEX_BTSX,2004,NA,NA,NA,NA,NA,NA,5.1,5.1,NA,NA,NA,2013-06-11T14:15:34+02:00,2004,2004-01-01T00:00:00+01:00,2004-12-31T00:00:00+01:00,Pakistan,"Age-standardized death rates, violence, per 100,000",EN,Sex
9074130,SA_0000001455,COUNTRY,JPN,WPR,YEAR,Western Pacific,SEX,SEX_MLE,2004,NA,NA,NA,NA,NA,NA,0.5,0.5,NA,NA,NA,2013-06-11T14:15:34+02:00,2004,2004-01-01T00:00:00+01:00,2004-12-31T00:00:00+01:00,Japan,"Age-standardized death rates, violence, per 100,000",EN,Sex
9462117,SA_0000001455,COUNTRY,LBR,AFR,YEAR,Africa,NA,NA,2002,NA,NA,NA,NA,NA,NA,41.55,41.55,NA,NA,NA,2013-06-11T14:15:34+02:00,2002,2002-01-01T00:00:00+01:00,2002-12-31T00:00:00+01:00,Liberia,"Age-standardized death rates, violence, per 100,000",EN,NA
7397740,SA_0000001455,COUNTRY,BGR,EUR,YEAR,Europe,SEX,SEX_MLE,2004,NA,NA,NA,NA,NA,NA,4.2,4.2,NA,NA,NA,2013-06-11T14:15:34+02:00,2004,2004-01-01T00:00:00+01:00,2004-12-31T00:00:00+01:00,Bulgaria,"Age-standardized death rates, violence, per 100,000",EN,Sex
4940567,SA_0000001455,COUNTRY,PAN,AMR,YEAR,Americas,SEX,SEX_FMLE,2004,NA,NA,NA,NA,NA,NA,0.0,0,NA,NA,NA,2013-06-11T14:15:34+02:00,2004,2004-01-01T00:00:00+01:00,2004-12-31T00:00:00+01:00,Panama,"Age-standardized death rates, violence, per 100,000",EN,Sex
4361727,SA_0000001455,COUNTRY,LCA,AMR,YEAR,Americas,SEX,SEX_BTSX,2004,NA,NA,NA,NA,NA,NA,22.4,22.4,NA,NA,NA,2013-06-11T14:15:34+02:00,2004,2004-01-01T00:00:00+01:00,2004-12-31T00:00:00+01:00,Saint Lucia,"Age-standardized death rates, violence, per 100,000",EN,Sex
8915888,SA_0000001455,COUNTRY,MLT,EUR,YEAR,Europe,SEX,SEX_MLE,2004,NA,NA,NA,NA,NA,NA,0.7,0.7,NA,NA,NA,2013-06-11T14:15:34+02:00,2004,2004-01-01T00:00:00+01:00,2004-12-31T00:00:00+01:00,Malta,"Age-standardized death rates, violence, per 100,000",EN,Sex
4808860,SA_0000001455,COUNTRY,TON,WPR,YEAR,Western Pacific,SEX,SEX_MLE,2004,NA,NA,NA,NA,NA,NA,1.1,1.1,NA,NA,NA,2013-06-11T14:15:34+02:00,2004,2004-01-01T00:00:00+01:00,2004-12-31T00:00:00+01:00,Tonga,"Age-standardized death rates, violence, per 100,000",EN,Sex
1501944,SA_0000001455,COUNTRY,MRT,AFR,YEAR,Africa,SEX,SEX_BTSX,2004,NA,NA,NA,NA,NA,NA,17.6,17.6,NA,NA,NA,2013-06-11T14:15:34+02:00,2004,2004-01-01T00:00:00+01:00,2004-12-31T00:00:00+01:00,Mauritania,"Age-standardized death rates, violence, per 100,000",EN,Sex
8051573,SA_0000001455,COUNTRY,COM,AFR,YEAR,Africa,SEX,SEX_BTSX,2004,NA,NA,NA,NA,NA,NA,11.3,11.3,NA,NA,NA,2013-06-11T14:15:34+02:00,2004,2004-01-01T00:00:00+01:00,2004-12-31T00:00:00+01:00,Comoros,"Age-standardized death rates, violence, per 100,000",EN,Sex
9041219,SA_0000001455,COUNTRY,LKA,SEAR,YEAR,South-East Asia,SEX,SEX_BTSX,2004,NA,NA,NA,NA,NA,NA,6.8,6.8,NA,NA,NA,2013-06-11T14:15:34+02:00,2004,2004-01-01T00:00:00+01:00,2004-12-31T00:00:00+01:00,Sri Lanka,"Age-standardized death rates, violence, per 100,000",EN,Sex
2009713,SA_0000001455,COUNTRY,MKD,EUR,YEAR,Europe,NA,NA,2002,NA,NA,NA,NA,NA,NA,2.86,2.86,NA,NA,NA,2013-06-11T14:15:34+02:00,2002,2002-01-01T00:00:00+01:00,2002-12-31T00:00:00+01:00,North Macedonia,"Age-standardized death rates, violence, per 100,000",EN,NA
6501999,SA_0000001455,COUNTRY,ECU,AMR,YEAR,Americas,NA,NA,2002,NA,NA,NA,NA,NA,NA,24.77,24.77,NA,NA,NA,2013-06-11T14:15:34+02:00,2002,2002-01-01T00:00:00+01:00,2002-12-31T00:00:00+01:00,Ecuador,"Age-standardized death rates, violence, per 100,000",EN,NA
8647101,SA_0000001455,COUNTRY,NLD,EUR,YEAR,Europe,SEX,SEX_FMLE,2004,NA,NA,NA,NA,NA,NA,0.1,0.1,NA,NA,NA,2013-06-11T14:15:34+02:00,2004,2004-01-01T00:00:00+01:00,2004-12-31T00:00:00+01:00,Netherlands (Kingdom of the),"Age-standardized death rates, violence, per 100,000",EN,Sex
6396436,SA_0000001455,COUNTRY,RUS,EUR,YEAR,Europe,SEX,SEX_MLE,2004,NA,NA,NA,NA,NA,NA,43.3,43.3,NA,NA,NA,2013-06-11T14:15:34+02:00,2004,2004-01-01T00:00:00+01:00,2004-12-31T00:00:00+01:00,Russian Federation,"Age-standardized death rates, violence, per 100,000",EN,Sex
1824792,SA_0000001455,COUNTRY,TCD,AFR,YEAR,Africa,SEX,SEX_FMLE,2004,NA,NA,NA,NA,NA,NA,0.4,0.4,NA,NA,NA,2013-06-11T14:15:34+02:00,2004,2004-01-01T00:00:00+01:00,2004-12-31T00:00:00+01:00,Chad,"Age-standardized death rates, violence, per 100,000",EN,Sex
5534487,SA_0000001455,COUNTRY,KAZ,EUR,YEAR,Europe,NA,NA,2002,NA,NA,NA,NA,NA,NA,19.89,19.89,NA,NA,NA,2013-06-11T14:15:34+02:00,2002,2002-01-01T00:00:00+01:00,2002-12-31T00:00:00+01:00,Kazakhstan,"Age-standardized death rates, violence, per 100,000",EN,NA
5586823,SA_0000001455,COUNTRY,SWE,EUR,YEAR,Europe,SEX,SEX_BTSX,2004,NA,NA,NA,NA,NA,NA,1.3,1.3,NA,NA,NA,2013-06-11T14:15:34+02:00,2004,2004-01-01T00:00:00+01:00,2004-12-31T00:00:00+01:00,Sweden,"Age-standardized death rates, violence, per 100,000",EN,Sex
3036871,SA_0000001455,COUNTRY,HRV,EUR,YEAR,Europe,SEX,SEX_FMLE,2004,NA,NA,NA,NA,NA,NA,0.0,0,NA,NA,NA,2013-06-11T14:15:34+02:00,2004,2004-01-01T00:00:00+01:00,2004-12-31T00:00:00+01:00,Croatia,"Age-standardized death rates, violence, per 100,000",EN,Sex
5705378,SA_0000001455,COUNTRY,NRU,WPR,YEAR,Western Pacific,SEX,SEX_MLE,2004,NA,NA,NA,NA,NA,NA,4.4,4.4,NA,NA,NA,2013-06-11T14:15:34+02:00,2004,2004-01-01T00:00:00+01:00,2004-12-31T00:00:00+01:00,Naoero,"Age-standardized death rates, violence, per 100,000",EN,Sex
8732461,SA_0000001455,COUNTRY,PER,AMR,YEAR,Americas,SEX,SEX_BTSX,2004,NA,NA,NA,NA,NA,NA,3.4,3.4,NA,NA,NA,2013-06-11T14:15:34+02:00,2004,2004-01-01T00:00:00+01:00,2004-12-31T00:00:00+01:00,Peru,"Age-standardized death rates, violence, per 100,000",EN,Sex
9146754,SA_0000001455,COUNTRY,AGO,AFR,YEAR,Africa,SEX,SEX_MLE,2004,NA,NA,NA,NA,NA,NA,84.5,84.5,NA,NA,NA,2013-06-11T14:15:34+02:00,2004,2004-01-01T00:00:00+01:00,2004-12-31T00:00:00+01:00,Angola,"Age-standardized death rates, violence, per 100,000",EN,Sex
1607336,SA_0000001455,COUNTRY,COM,AFR,YEAR,Africa,SEX,SEX_MLE,2004,NA,NA,NA,NA,NA,NA,17.6,17.6,NA,NA,NA,2013-06-11T14:15:34+02:00,2004,2004-01-01T00:00:00+01:00,2004-12-31T00:00:00+01:00,Comoros,"Age-standardized death rates, violence, per 100,000",EN,Sex
3659834,SA_0000001455,COUNTRY,TGO,AFR,YEAR,Africa,SEX,SEX_BTSX,2004,NA,NA,NA,NA,NA,NA,16.7,16.7,NA,NA,NA,2013-06-11T14:15:34+02:00,2004,2004-01-01T00:00:00+01:00,2004-12-31T00:00:00+01:00,Togo,"Age-standardized death rates, violence, per 100,000",EN,Sex
7899979,SA_0000001455,COUNTRY,BLR,EUR,YEAR,Europe,NA,NA,2002,NA,NA,NA,NA,NA,NA,11.75,11.75,NA,NA,NA,2013-06-11T14:15:34+02:00,2002,2002-01-01T00:00:00+01:00,2002-12-31T00:00:00+01:00,Belarus,"Age-standardized death rates, violence, per 100,000",EN,NA
5902772,SA_0000001455,COUNTRY,BEN,AFR,YEAR,Africa,SEX,SEX_MLE,2004,NA,NA,NA,NA,NA,NA,25.1,25.1,NA,NA,NA,2013-06-11T14:15:34+02:00,2004,2004-01-01T00:00:00+01:00,2004-12-31T00:00:00+01:00,Benin,"Age-standardized death rates, violence, per 100,000",EN,Sex
4618621,SA_0000001455,COUNTRY,FJI,WPR,YEAR,Western Pacific,SEX,SEX_FMLE,2004,NA,NA,NA,NA,NA,NA,0.0,0,NA,NA,NA,2013-06-11T14:15:34+02:00,2004,2004-01-01T00:00:00+01:00,2004-12-31T00:00:00+01:00,Fiji,"Age-standardized death rates, violence, per 100,000",EN,Sex
3646659,SA_0000001455,COUNTRY,PRK,SEAR,YEAR,South-East Asia,NA,NA,2002,NA,NA,NA,NA,NA,NA,19.38,19.38,NA,NA,NA,2013-06-11T14:15:34+02:00,2002,2002-01-01T00:00:00+01:00,2002-12-31T00:00:00+01:00,Democratic People's Republic of Korea,"Age-standardized death rates, violence, per 100,000",EN,NA
2654821,SA_0000001455,COUNTRY,ITA,EUR,YEAR,Europe,SEX,SEX_FMLE,2004,NA,NA,NA,NA,NA,NA,0.2,0.2,NA,NA,NA,2013-06-11T14:15:34+02:00,2004,2004-01-01T00:00:00+01:00,2004-12-31T00:00:00+01:00,Italy,"Age-standardized death rates, violence, per 100,000",EN,Sex
6956131,SA_0000001455,COUNTRY,ARG,AMR,YEAR,Americas,SEX,SEX_BTSX,2004,NA,NA,NA,NA,NA,NA,6.8,6.8,NA,NA,NA,2013-06-11T14:15:34+02:00,2004,2004-01-01T00:00:00+01:00,2004-12-31T00:00:00+01:00,Argentina,"Age-standardized death rates, violence, per 100,000",EN,Sex
7711568,SA_0000001455,COUNTRY,LUX,EUR,YEAR,Europe,SEX,SEX_MLE,2004,NA,NA,NA,NA,NA,NA,1.1,1.1,NA,NA,NA,2013-06-11T14:15:34+02:00,2004,2004-01-01T00:00:00+01:00,2004-12-31T00:00:00+01:00,Luxembourg,"Age-standardized death rates, violence, per 100,000",EN,Sex
2220539,SA_0000001455,COUNTRY,SYC,AFR,YEAR,Africa,SEX,SEX_BTSX,2004,NA,NA,NA,NA,NA,NA,3.2,3.2,NA,NA,NA,2013-06-11T14:15:34+02:00,2004,2004-01-01T00:00:00+01:00,2004-12-31T00:00:00+01:00,Seychelles,"Age-standardized death rates, violence, per 100,000",EN,Sex
8292272,SA_0000001455,COUNTRY,JAM,AMR,YEAR,Americas,SEX,SEX_BTSX,2004,NA,NA,NA,NA,NA,NA,37.7,37.7,NA,NA,NA,2013-06-11T14:15:34+02:00,2004,2004-01-01T00:00:00+01:00,2004-12-31T00:00:00+01:00,Jamaica,"Age-standardized death rates, violence, per 100,000",EN,Sex
9245469,SA_0000001455,COUNTRY,DZA,AFR,YEAR,Africa,SEX,SEX_MLE,2004,NA,NA,NA,NA,NA,NA,13.8,13.8,NA,NA,NA,2013-06-11T14:15:34+02:00,2004,2004-01-01T00:00:00+01:00,2004-12-31T00:00:00+01:00,Algeria,"Age-standardized death rates, violence, per 100,000",EN,Sex
1633879,SA_0000001455,COUNTRY,BRB,AMR,YEAR,Americas,SEX,SEX_BTSX,2004,NA,NA,NA,NA,NA,NA,14.5,14.5,NA,NA,NA,2013-06-11T14:15:34+02:00,2004,2004-01-01T00:00:00+01:00,2004-12-31T00:00:00+01:00,Barbados,"Age-standardized death rates, violence, per 100,000",EN,Sex
5422642,SA_0000001455,COUNTRY,LBY,EMR,YEAR,Eastern Mediterranean,SEX,SEX_BTSX,2004,NA,NA,NA,NA,NA,NA,3.2,3.2,NA,NA,NA,2013-06-11T14:15:34+02:00,2004,2004-01-01T00:00:00+01:00,2004-12-31T00:00:00+01:00,Libya,"Age-standardized death rates, violence, per 100,000",EN,Sex
3050174,SA_0000001455,COUNTRY,NIC,AMR,YEAR,Americas,SEX,SEX_BTSX,2004,NA,NA,NA,NA,NA,NA,17.6,17.6,NA,NA,NA,2013-06-11T14:15:34+02:00,2004,2004-01-01T00:00:00+01:00,2004-12-31T00:00:00+01:00,Nicaragua,"Age-standardized death rates, violence, per 100,000",EN,Sex
3936039,SA_0000001455,COUNTRY,PNG,WPR,YEAR,Western Pacific,SEX,SEX_BTSX,2004,NA,NA,NA,NA,NA,NA,19.1,19.1,NA,NA,NA,2013-06-11T14:15:34+02:00,2004,2004-01-01T00:00:00+01:00,2004-12-31T00:00:00+01:00,Papua New Guinea,"Age-standardized death rates, violence, per 100,000",EN,Sex
4671339,SA_0000001455,COUNTRY,FIN,EUR,YEAR,Europe,SEX,SEX_FMLE,2004,NA,NA,NA,NA,NA,NA,0.0,0,NA,NA,NA,2013-06-11T14:15:34+02:00,2004,2004-01-01T00:00:00+01:00,2004-12-31T00:00:00+01:00,Finland,"Age-standardized death rates, violence, per 100,000",EN,Sex
3547618,SA_0000001455,COUNTRY,NZL,WPR,YEAR,Western Pacific,SEX,SEX_MLE,2004,NA,NA,NA,NA,NA,NA,1.9,1.9,NA,NA,NA,2013-06-11T14:15:34+02:00,2004,2004-01-01T00:00:00+01:00,2004-12-31T00:00:00+01:00,New Zealand,"Age-standardized death rates, violence, per 100,000",EN,Sex
7652677,SA_0000001455,COUNTRY,MDA,EUR,YEAR,Europe,NA,NA,2002,NA,NA,NA,NA,NA,NA,11.85,11.85,NA,NA,NA,2013-06-11T14:15:34+02:00,2002,2002-01-01T00:00:00+01:00,2002-12-31T00:00:00+01:00,Republic of Moldova,"Age-standardized death rates, violence, per 100,000",EN,NA
8368070,SA_0000001455,COUNTRY,MDA,EUR,YEAR,Europe,SEX,SEX_BTSX,2004,NA,NA,NA,NA,NA,NA,7.8,7.8,NA,NA,NA,2013-06-11T14:15:34+02:00,2004,2004-01-01T00:00:00+01:00,2004-12-31T00:00:00+01:00,Republic of Moldova,"Age-standardized death rates, violence, per 100,000",EN,Sex
6179218,SA_0000001455,COUNTRY,VNM,WPR,YEAR,Western Pacific,SEX,SEX_BTSX,2004,NA,NA,NA,NA,NA,NA,4.3,4.3,NA,NA,NA,2013-06-11T14:15:34+02:00,2004,2004-01-01T00:00:00+01:00,2004-12-31T00:00:00+01:00,Viet Nam,"Age-standardized death rates, violence, per 100,000",EN,Sex
6185831,SA_0000001455,COUNTRY,JOR,EMR,YEAR,Eastern Mediterranean,SEX,SEX_BTSX,2004,NA,NA,NA,NA,NA,NA,7.4,7.4,NA,NA,NA,2013-06-11T14:15:34+02:00,2004,2004-01-01T00:00:00+01:00,2004-12-31T00:00:00+01:00,Jordan,"Age-standardized death rates, violence, per 100,000",EN,Sex
3975706,SA_0000001455,COUNTRY,JAM,AMR,YEAR,Americas,NA,NA,2002,NA,NA,NA,NA,NA,NA,0.54,0.54,NA,NA,NA,2013-06-11T14:15:34+02:00,2002,2002-01-01T00:00:00+01:00,2002-12-31T00:00:00+01:00,Jamaica,"Age-standardized death rates, violence, per 100,000",EN,NA
8673529,SA_0000001455,COUNTRY,HTI,AMR,YEAR,Americas,SEX,SEX_FMLE,2004,NA,NA,NA,NA,NA,NA,0.1,0.1,NA,NA,NA,2013-06-11T14:15:34+02:00,2004,2004-01-01T00:00:00+01:00,2004-12-31T00:00:00+01:00,Haiti,"Age-standardized death rates, violence, per 100,000",EN,Sex
2918536,SA_0000001455,COUNTRY,SEN,AFR,YEAR,Africa,SEX,SEX_FMLE,2004,NA,NA,NA,NA,NA,NA,0.4,0.4,NA,NA,NA,2013-06-11T14:15:34+02:00,2004,2004-01-01T00:00:00+01:00,2004-12-31T00:00:00+01:00,Senegal,"Age-standardized death rates, violence, per 100,000",EN,Sex
1409911,SA_0000001455,COUNTRY,COL,AMR,YEAR,Americas,SEX,SEX_FMLE,2004,NA,NA,NA,NA,NA,NA,2.4,2.4,NA,NA,NA,2013-06-11T14:15:34+02:00,2004,2004-01-01T00:00:00+01:00,2004-12-31T00:00:00+01:00,Colombia,"Age-standardized death rates, violence, per 100,000",EN,Sex
6660771,SA_0000001455,COUNTRY,LBR,AFR,YEAR,Africa,SEX,SEX_FMLE,2004,NA,NA,NA,NA,NA,NA,0.1,0.1,NA,NA,NA,2013-06-11T14:15:34+02:00,2004,2004-01-01T00:00:00+01:00,2004-12-31T00:00:00+01:00,Liberia,"Age-standardized death rates, violence, per 100,000",EN,Sex
5006896,SA_0000001455,COUNTRY,ALB,EUR,YEAR,Europe,SEX,SEX_FMLE,2004,NA,NA,NA,NA,NA,NA,0.0,0,NA,NA,NA,2013-06-11T14:15:34+02:00,2004,2004-01-01T00:00:00+01:00,2004-12-31T00:00:00+01:00,Albania,"Age-standardized death rates, violence, per 100,000",EN,Sex
1680156,SA_0000001455,COUNTRY,PLW,WPR,YEAR,Western Pacific,SEX,SEX_BTSX,2004,NA,NA,NA,NA,NA,NA,0.8,0.8,NA,NA,NA,2013-06-11T14:15:34+02:00,2004,2004-01-01T00:00:00+01:00,2004-12-31T00:00:00+01:00,Palau,"Age-standardized death rates, violence, per 100,000",EN,Sex
1990204,SA_0000001455,COUNTRY,LBY,EMR,YEAR,Eastern Mediterranean,SEX,SEX_MLE,2004,NA,NA,NA,NA,NA,NA,5.5,5.5,NA,NA,NA,2013-06-11T14:15:34+02:00,2004,2004-01-01T00:00:00+01:00,2004-12-31T00:00:00+01:00,Libya,"Age-standardized death rates, violence, per 100,000",EN,Sex
1027,SA_0000001455,COUNTRY,NOR,EUR,YEAR,Europe,SEX,SEX_BTSX,2004,NA,NA,NA,NA,NA,NA,0.8,0.8,NA,NA,NA,2013-06-11T14:15:34+02:00,2004,2004-01-01T00:00:00+01:00,2004-12-31T00:00:00+01:00,Norway,"Age-standardized death rates, violence, per 100,000",EN,Sex
1351184,SA_0000001455,COUNTRY,KAZ,EUR,YEAR,Europe,SEX,SEX_BTSX,2004,NA,NA,NA,NA,NA,NA,16.2,16.2,NA,NA,NA,2013-06-11T14:15:34+02:00,2004,2004-01-01T00:00:00+01:00,2004-12-31T00:00:00+01:00,Kazakhstan,"Age-standardized death rates, violence, per 100,000",EN,Sex
4927750,SA_0000001455,COUNTRY,SLV,AMR,YEAR,Americas,SEX,SEX_FMLE,2004,NA,NA,NA,NA,NA,NA,0.3,0.3,NA,NA,NA,2013-06-11T14:15:34+02:00,2004,2004-01-01T00:00:00+01:00,2004-12-31T00:00:00+01:00,El Salvador,"Age-standardized death rates, violence, per 100,000",EN,Sex
6969494,SA_0000001455,COUNTRY,ECU,AMR,YEAR,Americas,SEX,SEX_MLE,2004,NA,NA,NA,NA,NA,NA,45.9,45.9,NA,NA,NA,2013-06-11T14:15:34+02:00,2004,2004-01-01T00:00:00+01:00,2004-12-31T00:00:00+01:00,Ecuador,"Age-standardized death rates, violence, per 100,000",EN,Sex
2108665,SA_0000001455,COUNTRY,LBR,AFR,YEAR,Africa,SEX,SEX_BTSX,2004,NA,NA,NA,NA,NA,NA,21.5,21.5,NA,NA,NA,2013-06-11T14:15:34+02:00,2004,2004-01-01T00:00:00+01:00,2004-12-31T00:00:00+01:00,Liberia,"Age-standardized death rates, violence, per 100,000",EN,Sex
7299315,SA_0000001455,COUNTRY,ESP,EUR,YEAR,Europe,SEX,SEX_MLE,2004,NA,NA,NA,NA,NA,NA,1.7,1.7,NA,NA,NA,2013-06-11T14:15:34+02:00,2004,2004-01-01T00:00:00+01:00,2004-12-31T00:00:00+01:00,Spain,"Age-standardized death rates, violence, per 100,000",EN,Sex
